description,label,releasetime,title
中国央行连续第三天调降人民币中间价，且离岸资金外流又出现活络迹象，人民币兑一篮子货币的贸易加权汇率，周三已跌至空前...,,2017-04-27 16:00,加拿大丰业银行：人民币年底或贬至7.10水平
周四(4月27日)亚太时段，多数新兴亚币兑美元走软，因美国总统特朗普税改计划并未如预期提振投资者信心，市场风险偏好依旧...,,2017-04-27 15:59,新兴亚洲货币表现疲软 谨慎情绪静待欧央行利率决议
今天上午，根据巴克莱银行（Barclays）公布的一项调查显示，英镑疲弱刺促使更多海外游客计划到英国旅游，英国人则更不愿意出...,,2017-04-27 15:38,调查：英镑疲弱利好英国旅游业
美东时间周三中午，美国总统特朗普在与墨西哥和加拿大领导人通电话后表示，同意暂时不终止北美自由贸易协定(NAFTA)。,,2017-04-27 15:15,又玩了一把！特朗普暂时不终止北美贸易协定
特朗普政府周三(4月26日)公布了所谓的美国历史上“规模最大的减税计划”，但公布内容只有要点，如何通过立法，如何具体实施...,,2017-04-27 14:36,NCL：税改计划空洞无物 美元或将继续承压
周四（4月27日），因早间有报道称美国总统特朗普将暂不终止北美自由贸易协定，加元和墨西哥比索短线大幅飙升，美元兑加元脱...,,2017-04-27 14:20,特朗普暂不终止北美自贸协定 墨西哥比索及加元闻讯飙升
周四亚盘，有消息称美国总统特朗普目前不终止北美贸易协定，美元兑加元短线大幅下挫逾100点，法农认为，特朗普总统似乎淡化...,,2017-04-27 14:14,法农：贸易紧张局势打压加元 仍不宜追多美加
北京时间周四（4月27日）19:45，欧洲央行将公布利率决议；稍后20:30，有“超级马里奥”之称的欧洲央行行长德拉吉将召开新闻发...,,2017-04-27 14:14,欧银决议重磅来袭 看投行如何交易欧元？
周四(4月27日)19：45，欧洲央行将公布最新的利率决议。市场普遍预期欧银将按兵不动，但有可能将紧缩性货币政策提上日程。,,2017-04-27 14:06,欧洲央行决议按兵不动的三大理由！
据路透报道，周四（4月27日）午后公布的调查显示，德国消费者信心在即将进入5月之际，回升力度大于预期，因相信德国经济正在...,,2017-04-27 14:03,德国5月GfK消费者信心指数升至10.2 因经济前景向好
据路透报道，新加坡金管局(MAS)周四预测，新加坡将持续温和且不均衡的经济成长，就业市场疲软、企业租金下滑及经济信心偏软...,,2017-04-27 13:43,新加坡金管局：GDP增速料将保持温和
据路透报道，周四（4月27日）亚市早盘，人民币兑美元即期走贬，中间价跌至两周新低。交易员称，尽管美国总统特朗普减税计划让...,,2017-04-27 13:41,人民币早盘走贬 短期料仍难突破区间盘整
隔夜，各界期盼已久的美国史上“规模最大的减税计划”终于揭开了神秘面纱，虽然计划存在不少亮点，但市场认为计划大纲缺乏新...,,2017-04-27 12:19,特朗普税改落地市场却不领情 今晚德拉吉的好戏将开场
北京时间周四（4月27日）日本央行结束为期两天的货币政策会议，宣布维持政策利率在-0.1%不变，符合市场预期；维持10年期国债...,,2017-04-27 11:32,日银决议维稳不变下调今年通胀预期 美/日反应平淡
周四，FXStreet首席分析师Valeria Bednarik撰文就欧元/美元最新走势进行了分析。,,2017-04-27 11:15,今日欧元/美元最新技术面分析
外界普遍预期日本央行将在周四的政策会议上按兵不动。,,2017-04-27 10:43,央行政策会议在即 日本的等待还要多久？
据路透报道，周四（4月27日）早盘，美元兑日圆守住涨幅，此前美国总统特朗普的税改计划未带来惊喜，令美元涨势停止。市场等待...,,2017-04-27 09:39,美税改计划令人失望但美元守住涨幅 聚焦欧银决议
据路透报道，欧洲央行周四料坚定维持超宽松政策立场不变，但可能表示经济增长前景好转，为发出最早在6月最终削减刺激的信...,,2017-04-27 09:22,欧银决议料维持政策不变 但可能为6月缩减刺激埋伏笔
据路透报道，多位官员称，巴西可能最快在下月决定加入经济合作暨发展组织(OECD)。巴西是拉美最大的经济体，总统特梅尔(Mic...,,2017-04-27 09:06,巴西考虑加入OECD 冀望借此安抚投资者
周四，将迎来欧洲央行利率决议，这是本周影响欧元走势重磅事件之一。投资者需要重点关注。尽管欧洲央行料不会因大选结果转...,,2017-04-27 08:42,欧银决议来袭是鹰或鸽？ 汇市该如何交易
当地时间周三下午1点30分，白宫正式公布特朗普此前宣扬的税改法案，一如此前财政部长努钦证实的那样特朗普的税收计划将联...,,2017-04-27 06:47,夜盘综述:川普发布史上最强税改计划 美国贸易保护升级
白宫就朝鲜问题发布声明，特朗普政府的高级官员周三在一份声明中称，特朗普总统希望通过更严厉的制裁和外交渠道向朝鲜施...,,2017-04-27 05:49,特朗普仍对朝核会谈持开放态度 但准备保护自己和盟友
当地时间周三下午1点3分，特朗普政府正式公布了此前宣扬的税改法案，一如此前财政部长努钦证实的那样特朗普的税收计划将...,,2017-04-27 01:52,川普税改正式浮出水面 个税7档减为3档企业税降至15%
欧洲央行预计不会在2017年4月会议上改变其政策。然而，欧洲央行经常性的会推动市场波动，这次会议也不会例外。关键在欧洲央...,,2017-04-26 23:30,法国一轮大选结果会否让德拉吉鹰声嘹亮？
法国大选第一轮投票结束后，全球市场都松了一口气。根据民调结果来看，马克宏要赢得第二轮投票已经是十拿九稳。,,2017-04-26 21:47,马克宏上台不会风平浪静 国会选举是第一道坎
北京时间周三晚间，美国财长努钦发表讲话，确认企业税将降至15%，他将于特朗普经济顾问科恩一起于美东时间下午1:30（北京时...,,2017-04-26 21:20,降低美国企业税至15%！凌晨发布会公布具体细节
周三欧盘，英镑兑美震荡元下跌，在英国周五公布第一季国内生产总值(GDP)数据前缺乏方向。,,2017-04-26 21:15,法兴：英镑兑美元可能即将见顶
前美联储主席柏南克近日接受纽约时报专访时表示，估计先前特朗普所声称的大规模减税、放松金融监管、扩大基础建设等承诺，...,美联储,2017-04-26 20:27,前美联储主席伯南克畅谈特朗普经济学
自金融市场相继经历了荷兰大选和法国首轮大选后，欧盟的政治不确定性已经开始消散。分析师表示欧洲政治仍是个问题，欧洲央...,,2017-04-26 19:28,别想太多！法国大选不会改变欧央行的宽松立场
周三(4月26日)欧市盘中，美元/日元震荡走高，日内最高升至111.50！摩根大通表示，由于围绕法国大选和朝鲜问题的焦虑已缓解...,,2017-04-26 19:21,摩根大通：美元/日元年内目标直指105
今日欧盘，英镑兑美元最低触及1.28后反弹，目前交投于1.2825附近。建议在1.2760-1.2780做多英镑兑美元，止损1.2710，目标1....,,2017-04-26 18:42,短线速递：英镑兑美元或将冲击前高
今日欧盘，欧元兑英镑震荡下跌，目前交投于0.8495附近。近期可以在区间下沿择机做多，目标则看向于区间上沿0.8780。,,2017-04-26 17:52,长线展望：欧元兑英镑维持区间震荡
加拿大丰业银行(Scotia Bank)周三(4月26日)发表观点称，预计欧洲央行本周将“放鸽”。,,2017-04-26 17:04,丰业银行：料欧洲央行本周将“放鸽”
“中巴友谊万岁”绝不是一句空话，中国和巴基斯坦人民之间的感情就像钢铁般的坚强，这就是“巴铁”。在“一带一路”发展中，中国...,,2017-04-26 16:28,中国10亿美元资助巴基斯坦避免一场货币危机
随着法国大选第二轮投票的日益临近，极右翼总统候选人勒庞试图软化自己在欧洲方面的立场。勒庞还坚称感到自己是欧洲人，能...,,2017-04-26 15:55,勒庞态度软化！矛头直指马克宏太软弱
周二亚盘，欧元兑美元于平盘附近窄幅震荡后持续回落，现交投于1.0925附近。,,2017-04-26 15:22,法农：欧元未来还得看德拉基立场
多家美国媒体25日援引华尔街分析师观点称，现任白宫国家经济委员会主席，高盛(Goldman Sachs)前高管加里·科恩（Gary Cohn...,美联储,2017-04-26 15:21,前高盛高管或将接替耶伦成新一届美联储主席
本周法国大选第一轮过后市场风险情绪消散，周三(4月26日)推高欧元/美元亚盘末刷新今年迄今高点1.0950附近。,,2017-04-26 15:21,最新欧元技术分析
路透社周二(4月25日) 撰文称，随着法国紧张情绪降温，料促成欧洲央行6月扭转政策措辞。,,2017-04-26 15:13,法国紧张情绪降温或让欧银6月扭转政策措辞？
由于与美国之间的利差扩大，港元正以14个月来最快的速度下跌。分析师预计，年内港元最低可能触及7.79的水平。,,2017-04-26 15:11,利差扩大！港元加速下跌创一年新低
一股通货膨胀的浪潮正快速通过金融体系。,,2017-04-26 15:10,月印钞2000亿美元 通胀浪潮席卷全球金融系统
近期欧元区的经济数据令人鼓舞。生产、制造和信心均表现强劲，通胀也已经企稳。但下行风险依然存在，比如不断增长的民粹主义...,,2017-04-26 15:00,市场在左右摇摆之际迎来欧央行决议
周三早间公布的数据显示，澳大利亚第一季度CPI年率为2.1%，虽然不及市场预期的2.2%，但CPI年率已达到自2014年第三季度以来...,,2017-04-26 14:34,澳大利亚CPI创两年半新高！仍未排除降息可能
据《华尔街日报》援引一名白宫官员的消息称，特朗普计划本周三公布的税改方案提出，将税赋转由合伙人缴纳的公司最高税率由...,,2017-04-26 14:19,特朗普税改方案提前剧透
据路透社消息，随着英国脱欧日益临近， 跨国银行正在认真考虑将岗位迁至徳国的法兰克福，这里也是全球有名的金融中心。,,2017-04-26 14:12,脱欧日益逼近 多家跨国银行准备撤离至法兰克福
瑞穗银行（MHCB）周二(4月25日)发表观点称，人民币隐含波动率降至“8.11”汇改来新低，我们认为汇率短期风险消除。,,2017-04-26 14:07,瑞穗银行：人民币汇率短期风险消除
备受关注的法国大选第一轮终于落下帷幕。并不出乎意外，两位此前就高居民调榜前两名的总统候选人——“非左非右”的“前进”运...,,2017-04-26 13:55,法国大选第二轮投票马克龙真的胜券在握？
去年特朗普当选美国总统给美元带来了一波大牛市，今年年初，美元指数曾经创下2002年以来的逾14年高位103.82。但如今，美元...,,2017-04-26 13:47,预言成真！美元阶段性拐点已经确立？
周三（4月26日）本周已经悄然过去两个交易日，周一（4月24日）受到法国大选利好的风险情绪继续蔓延，风险资产涨声一片，欧美股...,,2017-04-26 13:36,汇市观潮：聚焦下半周重要事件
据路透报道，从樱桃、红酒到石油，加拿大握有多种工具来报复美国特朗普政府发动的任何贸易打击。然而，这些手段不是效果太有...,,2017-04-26 13:34,美加或爆发贸易战 加拿大会否无力招架？
巴克莱资本(Barclays Capital)周三(4月26日)发布分析报告称，料日本央行本周会维持货币政策不变。,,2017-04-26 12:42,巴克莱资本：日本央行料将维持货币政策不变
据路透报道，周三（4月26日）亚市早盘，人民币兑美元即期延续横盘整理，中间价则微跌。交易员称，近期人民币走势完全独立，客盘...,,2017-04-26 12:24,人民币早盘横盘整理 短期汇价料将持稳
据周三路透调查显示，韩国4月出口料连续第六个月增长，因对高科技记忆体晶片(存储器芯片)的需求增加，且全球经济普遍复苏...,,2017-04-26 12:14,调查：受强劲半导体需求提振 韩国4月出口料上涨
"今年1月9日,阿里巴巴集团（纽约证券交易所股票代码：BABA）创始人马云在纽约会见了特朗普,在长达40分钟的会面中,两人主要...",,2017-04-26 12:14,马云实现对特朗普的承诺——买美国货并创造100万岗位
美国总统特朗普将在周三（4月26日）公布其自称为美国30年来最大规模的税改调整计划，若 其披露的内容多于市场预期且市场认...,,2017-04-26 12:00,汇丰：美元将被这两座大山压垮！
据彭博社消息，现任联合国助理秘书长、联合国贸易和发展会议青年创业和小企业特别顾问的马云，周二(4月25日) 在联合国日内...,,2017-04-26 11:50,马云：把“印度支付宝”带到非洲
备受瞩目的法国总统大选首轮投票对市场带来的影响渐渐消散，但市场行情却似乎并不淡静，反而愈发惊心动魄！期待已久的特朗...,,2017-04-26 11:44,美30年来最大税改将揭开面纱 特朗普又要掀起市场大浪
作为阿里巴巴集团董事局主席、日本软银董事，马云一直在用实际行动为中小企业发展尽职尽责。周二(4月25日) 他在联合国日内...,,2017-04-26 11:30,马云：可以和政府恋爱，但绝不能结婚
阿里巴巴集团董事局主席、日本软银董事马云以其电商经济让全球认识了他。半年前，他曾被委任为联合国助理秘书长，然而却迟...,,2017-04-26 11:07,马云正式在联合国“打卡上班”
根据一项访问分析师和经济学家的路透调查显示，俄罗斯今年的经济增速可能没有官员预期的那么快，通胀率预计也不会放缓至...,,2017-04-26 10:50,路透调查：俄罗斯今年经济料将增长1.1%
周三亚市早盘，澳大利亚公布第一季度CPI年率不及预期，澳元承压短线滑落近40点，刷新四个交易日低位至0.7509，直逼0.75关口...,,2017-04-26 10:45,通胀数据不佳 澳洲联储料不改变降息步伐  澳元遭打压
根据咨奔商务咨询(Z-Ben Advisors)日前做出的排名显示，摩根大通（JPM）日前被评为中国最佳外国资产管理公司，瑞士的瑞银(...,,2017-04-26 10:39,摩根大通获中国最佳外国资产管理公司殊荣
日前美国对加拿大原木贸易下重手，大幅提高进口木材税收，美国与加拿大两国贸易摩擦加剧重创加元汇率，昨日加元汇率跌至1...,,2017-04-26 10:30,美加两国“软木战”升级 美元/加元拿下1.40指日可待
据路透报道指出，德意志资产管理(Deutsche Asset Management)投资长Stefan Kreuzkamp表示，该公司对欧洲股票的立场已由“...,,2017-04-26 10:28,法国大选首轮投票后 德意志资产管理看多欧股
欧洲央行27日（周四）将举行议息会议，会后行长德拉吉将举行新闻发布会。市场一致预期，欧元区经济复苏形势向好且通胀率不断...,,2017-04-26 10:17,美银：欧洲央行本周不会有意外 宜做多欧元/日元
美股周二（4月25日）大涨，道指连续第二日涨超200点，纳指新高突破6000点，欧股涨至20个月高位。汇市方面：美元回落，欧元大涨...,,2017-04-26 09:59,周二欧美市场盘述：纳指创新高，欧元大涨原油止跌
周三（4月26日）亚市盘中，澳大利亚公布的第一季度CPI数据不如预期，较上年同期上升2.1%，略低于市场预估的2.2%。但已达到20...,,2017-04-26 09:54,澳洲CPI不及预期但年率创2014年最高  澳元小幅下跌
据路透报道，周二，欧洲央行(ECB)公布的调查显示，欧元区银行业者第二季料进一步增加放贷，尽管欧洲央行超宽松货币政策损及...,,2017-04-26 09:18,调查：欧元区银行放贷料增加 但央行宽松政策打压获利
据路透报道，周三（4月26日)早盘，日元小跌，走势依然承压，因法国总统大选第一轮投票结果令人宽慰，从而改善冒险意愿并削弱...,,2017-04-26 09:13,因风险意愿复苏 日元下跌处于守势
据路透报道，美国总统特朗普手下两名负责税务政策的高官周二在国会山与资深议员会面。华盛顿方面正在探究特朗普税改计划...,,2017-04-26 09:08,特朗普政府税务高官将向国会介绍税改计划
周二，英镑兑欧元跌至两周低位，因在法国总统选举首轮投票过后，投资者释然，对欧洲的看法变得乐观，欧元重拾涨势。,,2017-04-26 07:26,英镑/欧元触及两周低位 因两大重磅消息提振欧元
周二，美国总统特朗普声称要对其北方邻居加拿大软木材征收20%的关税。加拿大总理特鲁多称加拿大将坚决而合理的还击。牛奶...,,2017-04-26 01:56,木材关税让美元/加元飙升涨破1.36 下一步将涨至1.40？
北京时间周二晚上10点，美国公布的官方数据显示，美国3月新屋销售大涨5.8%，涨幅超过预期，3月份的数据触及了八个月以来的...,,2017-04-25 23:41,美国3月新屋销售跳涨5.8%创8个月新高 美元冲高回落
周二欧盘，欧元兑美元徘徊在1.09整数关口下方。,,2017-04-25 21:56,欧元短期涨势或将于1.10受阻
FXStreet金融市场分析师Haresh Menghani周二(4月25日)发布汇市分析报告，就镑走势作出技术前瞻分析。,,2017-04-25 21:04,FXStreet：英镑有效突破1.2850则短期看涨
根据上周五(4月21日)的官方数据显示，2016年是希腊在近21年中，首次实现整体预算盈余，其中还计入了债务偿还，远远超过了国...,,2017-04-25 20:56,希腊危机警报解除？财报显示预算盈余远高于目标
摩根大通在报告中称，在4月初我们曾表示英镑通常会在4月份走强，这似乎是一种传统。过去12年中，英镑兑美元平均月度涨幅为...,,2017-04-25 20:03,小摩：预计英镑4月份上涨的传统在继续
渣打银行（Standard Chartered Bank）周二(4月25日) 发布分析报告称，我们认为欧元区通胀上行仍有压力，预计欧元区经济将继...,,2017-04-25 19:53,渣打银行：欧元区通胀上行压力犹存
据美国媒体报道，中国消费者对于发达国家经济增长做出了必要的贡献，尤其是在奢侈品消费领域，中国消费者是重要的客户群体...,,2017-04-25 19:48,中国消费者称全球奢侈品消费的主力军
据上周五的官方数据显示，去年希腊在21年中首次实现整体预算盈余，其中还计入了债务偿还，远远超过了国际债权人对该国的预...,,2017-04-25 19:27,希腊经济回暖？预算盈余远超预期
周二，由于欧元恢复强势，欧元兑英镑继续走强。在法国第一轮总统选举投票后，投资者对欧洲的看法更为乐观。,,2017-04-25 18:25,欧元保持强势！周内关注英国数据
丹斯克银行(Danske Bank)在周一(4月24日)发布的客户报告中称，欧洲央行行长德拉基(Mario Draghi)料将在本周央行会议后发...,,2017-04-25 18:21,丹斯克银行：欧洲央行料扔按兵不动
据CNBC援引美国政经网站Politico报道称，当地时间周一下午，美国总统特朗普称愿意将边境墙修建计划延缓到9月，来避免政府...,,2017-04-25 18:05,推迟修墙计划 特朗普集中精力应付“停摆”危机
周二，英国官方公布的数据显示，2016-17财年，英国公共财政基本达到预算目标。,,2017-04-25 17:58,英国上一财年赤字创金融危机以来最低
美银美林(BofA)周一(4月24日)发布报告称，尽管预计美联储(FED)年内还有两次加息，但我们认为6月份加息的可能几乎为零。,美联储,2017-04-25 17:45,美联储6月加息？美银美林认为概率近乎为零
民币兑美元即期周二(4月25日)近收平，实际波动区间极窄；中间价则创逾一个半月最大单日跌幅。在岸人民币兑美元16:30收盘报...,,2017-04-25 17:37,美元走弱带动人民币窄幅震荡
今日欧盘，澳元兑纽元强势上涨，目前交投于1.0830附近。 建议在1.0805-1.0820做多澳元兑纽元，止损1.0750，目标1.0920。,,2017-04-25 17:18,短线速递：澳元兑纽元看向1.0920
据彭博社消息，美国交通部长赵小兰周二(4月25日)表示，特朗普政府1万亿美元规模的基建方案或将于今年夏季发布。,,2017-04-25 16:53,美国交通部长：1万亿美元的基建方案将很快推出
目前市场一致预期，鉴于法国大选风险因子消散，欧洲央行应该顺势提前退出QE，不过IMF首席经济学家 Obstfeld认为，欧洲央行...,,2017-04-25 16:30,欧洲央行退出QE还言之过早  必要时应该加码？
据路透社报道，沙特国王上周六(4月22日)颁布谕令称，将恢复针对公务员和军队人员的全部津贴、财政补助和奖金。,,2017-04-25 16:29,沙特为何要宣布取消减薪计划？
周二欧市盘，欧元兑美元小幅走高至1.08900水平附近，日内涨幅0.22%。 北京时间周四(4月27日)19:45欧洲央行将公布4月利率决...,,2017-04-25 16:19,渣打：欧央行本周料按兵不动  6月将有行动
英国工业联合会最新公布的月报显示，英镑贬值对出口构成巨大提振，而德勤公布的一项调查显示，同样由于汇率波动引发的通胀...,,2017-04-25 16:14,英镑贬值有利有弊！英国经济走在十字路口
据华尔街日报报道，美国总统特朗普（Donald Trump） 已命令白宫助手起草税务改革计划，将企业所得税率降至15%，尽管这意味着...,,2017-04-25 15:22,华尔街日报：特朗普拟将企业所得税率降至15%
周二，法国巴黎银行(BNPP)外汇策略研究指出，市场仍大幅做空英镑，暗示在空头进一步回补的支撑下，英镑的涨势料持续。,外汇,2017-04-25 15:11,法巴银行：英镑空头回补 后市继续看涨
如今，欧元区情况看起来不错，并且一切的机会都显示这种情况会持续下去。,,2017-04-25 15:03,欧元区突然间云开雾散 欧央行政策有望转变
据路透社报道，商业房地产咨询机构仲量联行（JLL）周一(4月24日)发布报告称，预计美国银行业5年内或裁减20%分支机构。,,2017-04-25 14:52,JLL：预计美国银行业5年内将裁减20%分支机构
周一法国大选结果尘埃落定，市场对此暂缓口气，欧元兑美元开盘曾触及1.0930的高点。,,2017-04-25 14:48,欧元区政治风险消散！市场焦点转向周四欧央行决议
据CNBC报道，美国商务部长威尔伯-罗斯（Wilbur L. Ross）周一(4月24日)称，将对自加拿大进口的软木材征收平均20%的反倾销税...,,2017-04-25 14:43,美国将对加拿大征反倾销税 加元兑美元汇率大跌
今年是欧洲命运多舛的一年，刚刚过去的法国大选没有出现大家担忧的黑天鹅事件，不过瑞银集团指出，虽然法国大选风险暂时熄...,,2017-04-25 14:36,瑞银：法国之后欧洲还有两个火药桶在膨胀
本周六，如果国会不通过支出法案批准拨款，或者特朗普总统不签字，特朗普政府可能关门。而4月29日（周六 ）时特朗普总统上台...,,2017-04-25 14:00,为了避免政府关门！ 特朗普愿意延迟边境修墙计划
周二亚市欧元兑美元小幅下挫后反弹，现围绕1.08660窄幅震荡，法国大选风险暂时解除，目前市场焦点转向欧洲央行利率决议。,,2017-04-25 13:49,法农：欧元能否冲关拔寨 重点在欧洲央行
周二亚市美元指数震荡走高至99.150水平附近，英镑兑美元小幅拉升至1.28010带，，欧元兑美元围绕 1.08660窄幅震荡，大华银行...,,2017-04-25 13:39,大华银行：欧元、英镑、澳元、日元技术分析
周二亚市澳元/美元震荡回落，交投于0.75540附近，花旗集团认为短期澳元趋于上行，本周需要关注通胀数据表现。,,2017-04-25 11:08,花旗：澳洲通胀数据将令澳元走高
美元/加元周二(4月25日)亚市早盘大幅走高，汇价刷新4个月高位1.3553，涨幅0.39%。消息面，美国将向进口的加拿大软木材新征...,,2017-04-25 10:56,贸易战开打?特朗普对加拿大出重手  加元遭重挫
周二亚市 美元兑日元短线冲高逾20点，上破110整数关口，刷新日高至110.16，涨幅约0.31%。日本央行本周四(4月27日)将公布利...,,2017-04-25 10:45,野村：日本央行料按兵不动 对日元影响温和
目前，欧盟一体化遭到了挑战，显示英国成功脱欧，现在如果勒庞当选，法国也许难逃脱欧的命运。但是土耳其却在为加入欧盟积极...,,2017-04-25 10:25,英国法国都在忙着退欧 土耳其却急着往里冲
法国大选第一轮，英镑短线受益走高，目前有所回落。投行巴克莱就分析表示，英镑是被低估的，马克龙若当选会刺激英镑升值。法...,,2017-04-25 09:44,巴克莱和法兴都看涨英镑 关注一季度GDP指引
就在债务上限风险上升，美元走低之际，美联储6月加息概率却一夜之间飙升至69%，这是为何？,美联储,2017-04-25 06:48,债务上限风险已迫在眉睫 美联储6月加息概率却飙升了
周一欧元/美元的跳空上涨让欧元站上了200日均线，这是2016年10月以来的第一次。如果接下来的几天，欧元/美元能守住这一堡...,,2017-04-25 05:07,法国一轮选举拉开了欧元趋势性反转的序幕？
美国总统特朗普和美联储的关系已经开始有些进化了，说的婉转些是改善。作为候选人时特朗普讨厌美联储，如今这位已经入住白...,美联储,2017-04-24 23:40,特朗普突然发现 他自己很需要曾经他讨厌的美联储
在本周四于法兰克福召开的会议上，或许可以看到正式开始讨论刺激措施的推出机制。,,2017-04-24 21:45,欧央行将加快退出宽松？本周四即将揭晓
"据路透社报道，根据地产网站Rightmove的数据，4月份平均卖方索价升至313,655英镑这一历史最高值，环比上涨了1.1%，但2.2%的...",,2017-04-24 21:30,惊！英国房屋索价升至历史最高
野村证券（Nomura security）周一(4月24日)发布汇市分析报告称，当前欧元区经济基本面明显向好，支持欧元走强。,,2017-04-24 21:22,野村：欧元区经济向好，欧元年末将测试1.15
德国商业银行（Commerzbank）周一(4月24日)发布分析报告称，英镑/美元位于1.2615上方仍维持看涨观点。,,2017-04-24 21:15,德商银行：镑/美在1.2615上方维持看涨
道明证券 (TD Securities)周一(4月24日)指出，随着法国第一轮大选结束，政治风险很可能将消失，1月初的1.0341低点越来越可...,,2017-04-24 21:03,道明证券：1.0341低点或是欧元/美元的底部
英国将在?6月8日举行国会大选，多个民调显示，首相特瑞莎?梅领导的执政保守党的支持率高达45%至50%，比主要反对党工党多出...,,2017-04-24 20:53,英国保守党支持率远超工党 仍需谨防黑天鹅
周一(4月24日)，FXStreet金融市场分析师Haresh Menghani撰文就日内欧元走势作出技术前瞻分析。,,2017-04-24 20:36,FXStreet前瞻：欧元回吐说明乐观情绪已被消化？
丹斯克银行（Danske Bank）周一(4月24日)发表观点称，鉴于23日法国大选首轮投票结果揭晓，马克龙和勒庞顺利进入第二轮终极...,,2017-04-24 20:22,丹斯克银行：鉴于法国大选结果坚定看多欧元
徳国国家统计局周一(4月24日)公布的一项调查显示，德国4月企业信心好于预期，触及近6年高位。,,2017-04-24 19:52,德国4月IFO企业景气判断指数刷新近6年高位
据彭博社报道，阿迪达斯（Adidas）CEO罗思德（Kasper Rorsted）周一(4月24日) 表示，就目前而言，我认为制造业大举回流美国是...,,2017-04-24 19:26,阿迪达斯CEO：制造业大举回流美国是幻想
韩国进出口银行（Korea Eximbank）周一(4月24日)发布数据显示，2016年韩国对外直接投资从2007年的231亿美元增至352亿美元...,,2017-04-24 19:20,韩国对华投资大幅减少 美国和越南成其投资首选地
今日欧盘，美元兑加元受到油价上涨压制，持续下跌，目前交投于1.3415附近。建议在1.3450上方做空美元兑加元，止损1.3530，目...,,2017-04-24 18:19,短线速递：美元兑加元1.3450上方做空
尽管当前全球的目光都锁定在欧洲大选年的那几个国家，但瑞银集团主席Axel Weber却表示，意大利和希腊才是欧元区最关键的...,,2017-04-24 18:11,除了欧洲大选年 你最该关注的应该是意大利和希腊
在2008年金融危机震荡全球近九年之后，世界经济终于走出谷底，全面回暖。不过，本轮经济复苏仍处在初期，脆弱性不容忽视。但...,,2017-04-24 17:56,世界经济八年来首次回暖！仍需警惕风险因素
据《华尔街日报》报道，美国白宫行政管理和预算局局长米克-马尔瓦尼周一(4月24日)表示，白宫将于26日公布美国税制改革的具...,,2017-04-24 17:51,白宫发言人：特朗普将公布税改方案，细节6月份公布
周一（4月24）法国大选第一轮投票结果出炉，中间派候选人马克宏(Emmanuel Macron)和极右翼候选人勒庞(Marine Le Pen)一如...,,2017-04-24 17:45,法选首轮告捷：欧元跳空高开 短期涨势不足
在马克龙在法国大选第一轮选举中胜出之后，欧元区货币市场周一开始消化欧洲央行加息几率更大的可能性。,,2017-04-24 17:40,法国大选后 欧元区市场消化欧央行更大加息可能
法国大选第一轮投票尘埃落定，马克宏和勒庞不出意外地进入决赛，目前，那些被击败的那些总统候选人，都在主张投票支持马克...,,2017-04-24 17:38,法国退欧不可取！勒庞或将在决赛中败北
至今特朗普上任已足百天，其口碑如何呢？据CNBC报道，根据最新的一项最新民调显示，针对这位十分有个性的总统，美国民众似乎...,,2017-04-24 17:16,特朗普的百日并不完美 美国人民多数不“买单”
慕尼黑经济研究中心(IFO)周一发布的数据显示，德国4月商业信心较预期得更为高昂，创近六年来最高，这表明欧洲最大经济体企...,,2017-04-24 17:13,德国经济信心飙升！IFO商业景气指数创六年新高
周一(4月24日)欧市早盘，澳元/美元位于0.7570附近水平徘徊。日内汇价走势震荡，目前自0.7539相对低位反弹，并维持上行行情...,,2017-04-24 17:11,交易员：澳/美上行阻力位0.76 继续关注市场政策动向
北京时间周二（4月25日），日本央行将公布利率决议。分析机构给出了前瞻，认为日本央行料将按兵不动。,,2017-04-24 16:40,机构：本周利率决议日本央行料按兵不动
"周一(4月24日),随着法国内政府最后公布总统大选据首轮投票结果后，外汇市场巨幅波动，欧元兑美元早盘暴涨近200点突破1.0...","外汇市场,外汇",2017-04-24 16:31,大华银行：英镑继续看涨 其他暂时维持中性
无论大事小事都有博彩业的存在。开盘下注成为人们对事件走向的一种基本研判，当然也成为资本市场的一个风向标。英国脱欧离...,,2017-04-24 16:15,博彩业密切关注法国大选 特朗普逆袭或重演？
委内瑞拉的外汇储备仅有100亿美元，而这笔钱是国家的保命钱，来帮助经济稳定并度过风雨飘摇之时。,外汇,2017-04-24 15:55,委内瑞拉危在旦夕！外汇储备仅剩100亿美元
周一(4月24)亚太时段，韩元和韩国股市均收于数周高位，因中间派候选人马克龙在法国总统大选首轮投票中胜出，令全球投资者...,,2017-04-24 15:41,马克宏胜出提振投资者信心 韩元韩股双双攀升
鉴于国民阵线党主席玛丽娜·勒庞的脱欧政治主张，欧盟寄希望中派前进运动候选人马克龙能够在第二轮大选中击败她。,,2017-04-24 15:39,欧盟力挺马克龙在第二轮“干掉”勒庞
周一(4月24)亚市尾盘，美元/日元位于110.10附近水平徘徊。分析师认为虽然美元/日元各个技术指标正处于低位调头向上，但是...,,2017-04-24 15:30,分析师：美元/日元下行通道完好 谨慎指标翻多的陷阱
随着法国大选第一轮投票结果出炉，市场解读利好欧元致使欧元开盘大幅调跳空开。本周的欧洲央行利率决议，或许就将因此受到...,,2017-04-24 15:24,法选第一轮出炉 欧盟或将加快QE步伐？
本周四的货币决策会议预计利率或资产购买不会改变，但是根据调查显示，欧洲央行行长德拉吉最快6月份会修改前瞻指引，较前...,,2017-04-24 15:23,风险疑虑消除！德拉吉或加快退出货币宽松
北京时间4月27日11:00日本央行将公布利率决议及政策声明，并发表经济展望报告，市场普遍预期日本央行将维持利率在负0.1%...,,2017-04-24 15:23,经济处温和复苏趋势 日本央行决议料维稳不变
备受关注的法国大选第一轮终于落下帷幕。并不出乎意外，两位此前就高居民调榜前两名的总统候选人——“非左非右”的“前进”运...,,2017-04-24 14:56,法国大选首轮落下帷幕 两强PK马克龙胜率更大
由于法国大选第一轮投票结果显示，中间派候选人马克龙赢得法国总统大选第一轮投票，多数新兴亚币兑美元走强。,,2017-04-24 14:51,法国大选忧虑消退！亚洲货币持续走强
在西欧，很少有货币像冰岛克朗那样遭遇困境。在经历过去十年冰岛经济“脱轨”演变成教科书式的复苏之后，冰岛如今正敲定一个...,,2017-04-24 14:46,冰岛克朗“悲剧”不断 新汇率制度或于年底出台
本周三(4月26日)9:30将公布澳大利亚一季度CPI数据。法国农业信贷(Credit Agricole)周一(4月24日)发表观点称，?澳洲一季度...,,2017-04-24 14:17,澳洲1月CPI能够挽救颓势中的澳元吗？
周一亚盘，欧元兑美元大幅跳空高开后高走，最高触及1.0930后有所回落，目前交投于1.0860附近。,,2017-04-24 14:15,丰业银行：欧元多头头寸创纪录新高
周一(4月24)亚市午后，英镑/美元位于1.2790附近水平徘徊。本交易日亚市盘初汇价先涨至1.2868，之后自该点温和回撤，目前暂...,,2017-04-24 14:06,英镑对美元修整后或将迎来新一波上涨！
据路透报道，韩国软件大亨出身的总统候选人安哲秀表示，如果他能在5月9日当选总统，他将会努力重启旨在实现朝鲜半岛无核化...,,2017-04-24 13:43,韩总统候选人安哲秀：若当选将努力重启朝核六方会谈
据路透报道，周一（4月24日）亚市早盘，人民币兑美元即期高开低走，中间价则反弹至波动区间顶部。交易员称，美元指数走弱提振...,,2017-04-24 12:19,人民币早盘高开低走 市场预期趋于一致波动或日渐收窄
据路透报道，英国意外宣布提前大选，基本上并未让外国投资者感到惊慌。去年在英国公投决定脱离欧盟引发一轮资金外逃并导致...,,2017-04-24 12:15,比起英国提前大选 外资更担心的是这个······
法国总统大选首轮投票已落下帷幕，根据票选结果，中间派候选人马克龙拔得头筹与投票率位居第二的极右国民阵线领袖玛丽娜...,,2017-04-24 11:50,马克龙、勒庞晋级角逐总统宝座 金融市场掀起狂欢盛宴
周一早间，据中国央行数据，今日人民币兑美元中间价报6.8673，较上一交易日中间价6.8823升值150个基点。受法国大选消息影响...,,2017-04-24 11:09,法国大选飞出白天鹅！人民币今日升值150个基点
周一亚市英镑兑美元由升转跌，短线失守1.28关口，刷新日内低点至1.2782，跌幅约0.22%。,,2017-04-24 10:55,法兴：英镑双底形态确认关注一季度GDP
据路透报道，在周日法国总统大选的首轮投票中，马克龙这位年轻的独立中间派候选人旗开得胜，将参加两周后的最后角逐，这无...,,2017-04-24 10:52,要想施展改革抱负 政坛“小鲜肉”马克龙还需要一场大胜
周一早间，法国大选首轮投票结果出炉，中间派马克宏夺得头筹，法国最危险的女人勒庞排名第二。在5月7日将举行的第二轮法国...,,2017-04-24 10:31,八大投行速评法国大选首轮结果及影响 怎么交易欧元？
法国总统大选首轮投票结果已经出炉，中间派总统候选人马克龙和极右翼民族主义者勒庞将携手进入第二轮投票，一决胜负。而马...,,2017-04-24 10:17,法国大选首轮未飞出黑天鹅 马克龙就此稳坐总统宝座？
周一，瑞穗银行撰文就日元后市走向进行分析。,,2017-04-24 10:06,瑞穗银行：朝鲜半岛局势料对日元构成支撑
据路透调查的分析师预计，瑞典央行4月27日将维持利率不变，因担心通胀尚未在目标附近趋稳，且全球政治仍充满不确定性。,,2017-04-24 09:25,调查：瑞典央行料维持利率不变 不急于收紧政策
据路透报道，民粹主义浪潮在去年猛烈冲击英国，接着又横扫大西洋彼岸的美国。现在，这股巨浪或已于周日在法国的海岸上退却...,,2017-04-24 08:54,马克龙杀入法国总统决选 民粹主义巨浪遇阻
据路透报道，欧洲央行管理委员会委员维斯科(Ignazio Visco)周六称，如果周日法国总统选举投票导致市场震荡，欧洲央行可以...,,2017-04-23 17:33,欧银管委：法大选后可资助银行但不能打压公债收益率
据路透报道，美联储副主席费希尔周五表示，联储今年仍有可能再升息两次，尽管近期公布的一些数据表现疲弱，例如通胀下滑。他...,美联储,2017-04-23 17:08,美联储副主席费希尔：预计今年还将加息两次
据路透报道，根据美国商品期货交易委员会(CFTC)周五的数据和路透计算，最近一周欧元净空仓增至3月中旬以来最高，因投机客...,,2017-04-23 16:29,CFTC数据：欧元净空仓升至3月中旬以来最高
北京时间周日（4月23日）14:00，法国2017年总统大选首轮投票开启。当天18:00，法国内政部将公布初步投票率数据及相关细节；2...,,2017-04-23 15:49,究竟谁能荣登法国总统宝座？四位主要候选人是何来历
2015年，美国时任总统奥巴马下令政府开始采取措施解除对伊朗的制裁，以履行美方在伊朗核问题全面协议中的承诺。而如今美国...,,2017-04-23 15:31,如果特朗普重新制裁伊朗 这些公司恐会遭殃！
下周（4月24日至4月30日）金融市场将迎来一系列重磅事件，法国第一轮总统大选结果的出炉、美国总统特朗普公布税改计划以及...,,2017-04-23 15:20,下周金融市场重磅事件及经济指标提醒
周日（4月23日）彭博报道指出 ，法国2017年总统大选首轮投票将开启，选举结果有可能会决定欧洲民粹主义浪潮的走向。,,2017-04-23 14:29,法国大选有多激烈？一张图就看出来了！
美银美林的首席投资策略师哈特内特（Michael Hartnett）认为，全球市场的命运最终还是掌握在央行的手中。,,2017-04-23 12:23,地缘风险上升市场却维稳 因有1万亿美元资产在支撑？
法国2017年总统选举第一轮投票将于4月23日举行，按照法国大选的规则，首轮投票中如有候选人得票超过50%，则可直接当选总统...,,2017-04-23 11:08,法国大选四强争霸究竟花落谁家？你需要这份观战指南
4月21日22:30至4月22日05:00汇市综述：欧元兑美元周五下跌，投资者为周日法国总统选举首轮投票作准备。民调显示，在法国总...,,2017-04-22 10:19,回顾周末晚间盘面 聚焦周日法国大选
外汇专家Boris Schlossberg周五对CNBC表示，如果法国大选中两位极端一些的候选人携手进入第二轮的话，欧元可能会来一个“...,外汇,2017-04-22 06:22,明日法国大选若勒庞和梅朗雄晋级 欧元将迎来燕式跳水
国际货币基金组织(IMF)拉加德周四表示，在本周日举行的法国总统大选中，倘若极右翼候选人勒庞表现良好，则会使形势变得混...,,2017-04-21 21:51,IMF主席拉加德：勒庞当选对欧盟是灾难性的
英国央行委员桑德斯周五指出，加息将是渐进、逐步的，且在适度的利率上升之后刺激仍将继续。,,2017-04-21 21:00,英国央行桑德斯：在适度的时候逐步加息
据路透周五报道，如果法国两个反欧盟候选人在周日选举中双双挺进决胜轮投票，欧盟没有为此准备特别计划。,,2017-04-21 20:51,注意！欧盟无法应对法国大选突遇爆冷
日本央行行长黑田东彦表示，虽然日本经济前景趋于好转，但通货膨胀仍缺乏动能，有必要让日本央行的大规模货币刺激政策再持...,,2017-04-21 19:41,黑田东彦：日本未见通胀复苏 仍将维持宽松政策
尽管第一季度诸多经济数据疲弱，但美联储对2%左右的经济增速预期依然抱有信心，今年一定会再加息两次。,美联储,2017-04-21 19:23,经济数据短暂疲软！美联储无意停下加息脚步
据Zerohedge报道，高盛证券在近日一份研究报告内表示，预计美联储在五月再度加息的机会将十分微小。,美联储,2017-04-21 18:51,高盛：美联储今年仍将再加息两次
法国总统大选是否会出现投资市场的另一只黑天鹅？周日的法国总统第一轮选举将会给予初步的答案。,,2017-04-21 18:09,四强争霸即将开启！市场静待悬念揭晓
尽管美元指数在美财长努钦发表关于税改的言论后，自低位有所反弹，然而显然并无法完全扭转市场对于其失守100大关后的看跌...,,2017-04-21 18:07,美元牛市怕是将要一去不复返了！
今日欧盘，美元兑加元震荡下跌，目前交投于1.3465附近，建议在1.3500附近布局美元兑加元的中长线空单，目前维持不变，看向于...,,2017-04-21 17:52,中线伏击：美元兑加元进入空单布局区域
法国总统大选第一轮投票将在下周日（4月23日）举行。选战本周进入冲刺阶段，11位候选人抓住最后机会争取说服更多摇摆选民。...,,2017-04-21 17:35,法国大选即将到来 各大投行提前展望结果
随着4月23日第一轮投票日的临近，2017年法国总统选举进入冲刺阶段。但时至今日，选情扑朔迷离，结果仍难预料。,,2017-04-21 17:19,法国大选各类情景模拟分析
本周日（4月23日），资本市场瞩目的法国总统大选第一轮就将上演。由于本届法国大选形势胶着，因此受到市场很大的关注，如果大...,,2017-04-21 17:08,详解法国总统大选四位候选人优劣势
北京时间周五16时30分，英国公布3月份季调后零售销售月率，表现大幅低于前值和预期，英镑兑美元短线跳水逾30点。,,2017-04-21 16:51,英国3月零售月率惨淡！经济前景敲响警钟
英国统计局北京时间周五(4月21日) 16:3 0公布了3月季调后零售销售月率为-1.8%，不及预期的-0.2%，前值为1.7%。,,2017-04-21 16:45,英国3月季调后零售销售月率不佳 英镑小幅下挫至日低
欧盟统计局北京时间周五(4月21日) 16:00公布了欧元区4月Markit制造业PMI初值。公布数据显示，欧元区4月Markit制造业PMI初...,,2017-04-21 16:30,欧元区4月综合PMI创新高 商业活动增速创近六年来最快
英国首相特雷莎·梅本周意外宣布，英国将于6月8日提前举行大选。,,2017-04-21 16:23,欧盟无意让步！英国提前大选算盘或将落空
周五公布的一份调查显示，欧元区经济进入第二季持续强劲增长，新订单保持强劲，企业活动扩张速度创下六年来最快。,,2017-04-21 16:10,欧元区4月综合PMI初值创六年最高  欧元反应平淡
据路透报道，如果极右翼的勒庞爆冷赢得法国总统选举，可能引发银行业资金危机。这对于欧元工程的破坏力将甚于她上任后可能...,,2017-04-21 15:58,若勒庞逆袭赢得法国大选 恐引发银行业资金危机
周五(4月21日)亚太时段，韩元兑美元升至1周高位，本交易日韩元兑美元于韩国当地市场收报1133.6，较上一交易日（周四）收盘价...,,2017-04-21 15:58,韩元韩股今日双双走高
在上月废除奥巴马医改失败后，似乎一切又有了新的好转迹象。美国财政部长史蒂文·努钦（Steven Mnuchin）周四（4月20日）表示...,,2017-04-21 15:50,美国财长：“医改”又有新的好转迹象
彭博分析师 Chikako Mogi周五表示，由于在4月23日法国第一轮大选前，英镑兑美元大幅上涨且美元走弱，欧元兑美元有望录得近...,,2017-04-21 15:44,法国大选倒计时之际！欧元有望收获三个月最大周涨幅
据彭博社报道，美联储周四(4月20日) 对德意志银行（Deutsche Bank）开出了两笔总额接近157亿美元的罚单。,美联储,2017-04-21 14:54,德银又被美联储盯上了 这次罚单高达1.57亿美元
周五亚市尾盘，美元兑加元震荡下跌，现交投于1.3460附近。,,2017-04-21 14:47,花旗银行：预计加拿大CPI将推动加元走高
周五亚盘，纽元兑美元快速回落后开始反弹，目前交投于0.7000附近。,,2017-04-21 14:30,荷兰银行：预计纽联储5月仍将维稳利率
据路透调查显示，即便实施财政刺激举措并对税法进行修改，美国今明两年的经济增长率都难以达到新政府设定的3%目标。,,2017-04-21 14:06,今明两年美国经济增长难达3%目标 刺激政策作用存疑
4月份以来有关美联储缩表的讨论出现在各大媒体，美联储官网近日发布了题为“联邦储备证券持有对长期利率的影响”的研究文...,美联储,2017-04-21 13:59,QE效用会在10年内逐步消散？美联储解读缩表冲击
周日(4月23日)法国大选将迎来第一轮投票，意味着又一个潜在的“黑天鹅”事件拉开序幕。那么这次大选欧元将作何反应？,,2017-04-21 13:46,法国大选在即 欧元将作何反应？
周五亚市美元指数围绕99.800窄幅窄幅震荡，英镑兑美元小幅拉升至1.2813附近，欧元在1.0716上方蓄势整理。大华银行(UOB)对...,,2017-04-21 13:46,大华银行：英镑继续看涨 美元/日元底部形成
据路透报道，货币市场利率走势显示，投资者不再认为直 到2018年3月欧洲央行会有一次升息；而就在一个月前，他们还抱持这一...,,2017-04-21 13:30,投资者态度大转变 不再认为欧洲央行会在明年初加息
据路透报道，周五（4月21日）亚市早盘，人民币兑美元即期震荡反弹，无视中间价继续调整。交易员称，由于周末法国将举行大选，而...,,2017-04-21 12:26,人民币早盘震荡反弹 法国大选在即部分头寸离场
回想起去年金融市场两大黑天鹅——英国退欧和特朗普当选美国总统引发的市场巨震相信不少投资者们依旧心有余悸，而今年又一...,,2017-04-21 12:09,法国大选“黑天鹅”振翅欲飞 巴黎恐袭搅局再添阴云
今年3月美联储宣布加息25个基点，当月公布的预测中值显示，美联储官员预计今明两年将各加息三次，也就是说，今年还会加息两...,美联储,2017-04-21 11:39,美联储三次加息悬了？究竟该相信数据还是官员讲话
距离周日（4月23日）的法国总统大选首轮投票的日子仅剩两天时间，金融市场的不安情绪开始蔓延。市场研究公司Lindsey Group...,,2017-04-21 11:00,分析师：勒庞和梅朗雄不论谁胜选 都可能引发市场巨震
近期不尽如人意的美国经济数据给美联储今年是否会如期继续加息两次注入了一些不确定性。,美联储,2017-04-21 11:00,市场开始质疑美联储今年能否完成三次加息
据路透对主要分析师的调查显示，随着核心通胀率最终上升，全球经济形势正处在全面好转当中，但依然面临贸易保护主义的威胁...,,2017-04-21 10:43,调查：全球经济形势全面好转 但贸易保护主义担忧仍存
周五亚市早盘，美元/日元震荡回落维持在109.00上方，分析认为，地缘政治风险消散，美元兑日元已回到上升趋势。,,2017-04-21 10:33,丹斯克：美元/日元重拾升势 反弹目标114
市场聚焦本周日的法国大选，研究机构Lindsey Group分析师布科瓦(Peter Boockvar)评论称，如果大选出现黑天鹅事件，法国或...,,2017-04-21 10:15,法国大选一旦出现黑天鹅  料重新引入法郎与欧元挂钩
4月23日，法国总统大选首轮投票就将拉开序幕，全球资本市场已经绷紧了神经。由于近期极左翼候选人梅朗雄的异军突起，打破了...,,2017-04-21 10:09,若勒庞胜选将加剧欧元区分裂风险 欧元恐跌至平价
周五，知名外汇网站FXStreet分析师Matias Salord撰文对欧元/美元走势作出简要分析。,外汇,2017-04-21 10:05,今日欧元/美元最新技术面分析
峰回路转，即便英国退欧，英镑还是跟打了枪药一样疯狂反扑，也许会有二次公投，也许早已消化退欧的消极影响，总之英镑空头也...,,2017-04-21 10:03,法兴：英镑空头已事不可为 美/日105可多
周五亚市早盘欧元为傲1. 0716一带窄幅震荡，法国第一轮大选投票将在本周日举行，投资者似乎并不担心法国大选，但美银美林...,,2017-04-21 09:59,美银：法国大选可能出现的两种利空结果
作为商品货币，纽元一直受新西兰乳制品价格制约，随着近期乳制品价格拍卖价价格走高，该国通胀也表现良好，预计新西兰联储...,,2017-04-21 09:53,荷兰银行：乳制品携手通胀助纽元更“牛”？
周五早间，欧元/美元汇率稳定在三周高点之下，因投资者安静地等待本周末的首轮法国大选。,,2017-04-21 09:49,欧元维稳 市场静观周日法国大选
周五亚市美元兑日元小幅走弱，刷新日内低点至109.20，跌幅约0.12%，早间公布的日本4月Markit造业采购经理人指数(PMI)初值...,,2017-04-21 09:43,美元/日元是技术假突破？长期依然有筑底迹象
周五公布的一项调查初值显示，日本4月制造业活动以更快的速度扩张，因出口订单激增，进一步显示全球需求强劲。,,2017-04-21 09:32,日本4月制造业PMI初值升至52.8 因出口订单激增
据路透报道，德国财长朔伊布勒称，欧洲央行和其它央行效仿美联储撤出超宽松货币政策是不错的主意。,美联储,2017-04-21 09:11,德国财长敦促欧洲央行退出宽松货币政策
据彭博社周四报道，日本央行行长黑田东彦在接受采访时表示，日本央行将继续保持非常宽松的货币政策，当前的资产购买计划还...,,2017-04-21 06:06,黑田东彦：日本央行当前购债速度会持续一段时间
当地时间周四，美联储(fed)前主席艾伦?格林斯潘(Alan Greenspan)对CNBC表示，摆脱多德-弗兰克(dodd - frank)金融监管法案...,美联储,2017-04-20 23:48,格林斯潘力挺摆脱多德弗兰克法案 称这是美股向上动力
经济学家大卫·威廉姆斯写了一篇有趣的文章，他提出，特朗普可能会打开“美联储内部”，并欺凌美联储，让他们印钱。,美联储,2017-04-20 23:41,特朗普或会拿起技术官僚的棒子 强迫美联储印钞
据媒体报道，国务院新闻办公室在周四(4月20日)举行的新闻发布会上表示，当前愿意持有人民币资产的境外机构越来越多，对于...,外汇,2017-04-20 21:04,外汇局：人民币受海外欢迎凸显大国风范
达拉斯联储主席卡普兰表示，美联储可以在今年晚些时候或明年初缩减资产负债表，但应该逐步进行，且在开始缩表前的两到三个...,美联储,2017-04-20 20:57,美联储卡普兰：美联储或将在今年年底开始缩表
美国劳工部周四公布的数据显示，美国截至4月15日当周初请失业金人数略微上升至24.4万，这表明美国劳动力市场依然强劲。,,2017-04-20 20:50,美国初请失业金人数24.4万！劳动力市场表现依然强劲
周四(4月20日)，FXStreet金融市场分析师Haresh Menghani撰文就日内英镑走势作出技术前瞻。他认为，在经过昨天短暂的调整后...,,2017-04-20 20:21,FXStreet：英镑持稳于1.28上方
日本财务大臣麻生太郎称，日本糟糕的财政问题没有特效药，打消了央行将通过直接撒钱或直接债务融资来提供政府财政资金的...,,2017-04-20 20:18,麻生太郎：日本经济复苏或将上调消费税
路透社援引分析人士观点称，中国等亚洲新兴经济体即将陷入“未富先老”困境。据悉，在接受CNBC采访时，分析人士认为 亚洲人口...,,2017-04-20 20:10,中国等新兴经济体或将陷入“未富先老”困境
据彭博报道，美联储副主席费希尔（Stanley Fischer）周四(4月20日) 表示，当前的全球经济可以应对美国逐步收紧货币政策所产...,美联储,2017-04-20 20:03,美联储：其他经济体能够更好地应对美国加息
周四(4月20日)，勒庞支持率下滑2.5个百分点至22.5%，三大因素均利好欧元兑美元。另外，日内基准的德国十年期国债收益率暴涨...,,2017-04-20 19:42,勒庞支持率下降持续推动欧元兑美元走强
人民币兑美元即期周四小幅收升，中间价则明显回落。截止收盘，在岸人民币兑美元报6.8835，较上一交易日上涨38点。,,2017-04-20 18:20,英镑大涨欧元走高！人民币受益小幅上涨
今日欧盘，欧元兑美元强势上涨，最高触及1.0775后稍有回落，目前交投于1.0765附近。,,2017-04-20 18:11,中线伏击：欧元兑美元或将在1.0440企稳
墨西哥比索周三触及了两周新低，因美国总统特朗普的评论重燃了有关对墨西哥实行强烈贸易保护主义政策的预期。,,2017-04-20 17:42,墨西哥比索延续跌势 因贸易担忧重现
对于周末首轮投票前后市场可能出现的几类情况。野村认为，市场在选举前几个星期已经开始做出反应，对冲资金给欧元造成压力...,,2017-04-20 17:39,野村：欧元波动率不及退欧 黑天鹅概率较小
本周六（4月23日）法国首轮总统大选将举行。无论是极右翼国民阵线总统候选人玛丽娜·勒庞，还是“前进”运动主席埃马纽埃尔·马...,,2017-04-20 17:38,法国大选相关货币对走势分析
周四(4月20日)欧市早盘，欧元/美元持续攀升，最高触及1.0758，为3月30日以来的高位。两位欧洲市场交易员表示，1.0740上方的...,,2017-04-20 17:23,欧/美创近三周新高 且看投行如何评论
自去年6月公投后，英国的脱欧道路到目前为止还算比较平稳。自去年6月决定脱欧后，英镑兑美元的汇率从公投前的1.50暴跌至1...,,2017-04-20 17:10,英国脱欧或将伤及无辜
美国总统特朗普在竞选时承诺的税改政策已让市场等待良久，可能在有所发展前胎死腹中。,,2017-04-20 16:42,别等特朗普了！市场已经开始消化税改失败的可能性
据英国《金融时报》报道，英国前首相梅杰(John Major)周四(4月20日)在接受采访时表示，脱欧会损害英国的政治和经济影响力。...,,2017-04-20 16:34,英国前首相：脱欧将损害英国政治地位，削弱经济发展
北京时间周四(4月20日)，大华银行(UOB)发布汇市分析报告，对欧元兑美元、英镑兑美元、澳元兑美元、纽元兑美元和美元兑日元的...,,2017-04-20 16:18,欧元、英镑、澳元、纽元和日元交易策略
英国脱欧、法国大选……欧元区2017年政治风险事件频发。据路透调查显示，如果欧元区政治状况能够维持不变，欧元区经济增长将...,,2017-04-20 16:06,路透调查：欧元区经济增长稳定但温和 前提是政治稳定
本周日（4月23日）即将迎来法国大选第一轮的公投，作为一名资深的外汇市场投资者或是一位初涉汇市的新手，有没有做好围观这...,"外汇市场,外汇",2017-04-20 15:51,法国大选围观指南
据CNBC报道，英国首相梅周二宣布提前举行大选后，英镑未见下跌反而走升。,,2017-04-20 15:43,英镑只是昙花一现？提前大选并不能推升英镑
新西兰一季度消费者物价指数年率意外加速上涨2.2%，为2011年以来最高，提升了新西兰联储加息的概率。,,2017-04-20 15:04,新西兰一季度通胀飙升！纽联储仍保持相对谨慎
周四(4月20日)亚太时段，除了纽元因CPI数据表现良好得到提振以外，多数新兴亚币兑美元下跌，以印尼盾领衔跌势。目前印尼盾...,,2017-04-20 14:45,亚市印尼盾带领多数亚币表现疲软
周四（4月20日）纽元兑美元震荡攀高，因之前公布的数据显示，新西兰第一季消费者物价指数(CPI)较上年同期上升2.2%，升幅为五...,,2017-04-20 14:36,经济数据良好 澳纽表现缺“大相径庭”
当前澳大利亚陷入了一种困境，那就是一种关键大宗商品的出口与货币之间呈现不一致的趋势，这种状况让该国经济承压。,,2017-04-20 14:34,中国铁矿石需求减弱下 澳元的异常表现
根据日本政府日前发布数据显示，日本经济复苏迹象明显。在路透短观调查中显示，日本4月制造业信心连续第八个月上升，升至2...,,2017-04-20 14:25,日本制造业信心升至近10年来最高
路透援引受访的分析师观点称，澳洲经济今明两年料缓慢加速。这意味着澳洲这个资源丰富的国家有望打破荷兰在现代历史上创...,,2017-04-20 14:13,路透调查：澳洲经济或将打破全球最长连增纪录
2008年金融海啸爆发以来，美国公共债务显著上升。目前，美国公共债务占国内生产总值(GDP)的比重达到105%。由此，IMF官员表示...,美联储,2017-04-20 14:11,IMF：美联储缩表需谨慎 避免引起市场恐慌
据路透报道，股票、债券收益率和美元在下跌， 收益率曲线在趋平，而英镑在上涨。在2016年出现的、本应标志着全球市场转折点的...,,2017-04-20 13:51,美元和股市齐下跌 通货再膨胀交易以惊人速度熄火
今天上午，国务院新闻办公室举行新闻发布会，国家外汇管理局新闻发言人、国际收支司司长王春英在会上介绍，今年以来中国跨...,外汇,2017-04-20 13:32,外汇局官员:中国外汇储备充裕 有能力维护收支平稳
自美国总统特朗普表示美元“太强”，乐见美联储将利率维持在低位的言论以来，美元指数持续承压下行。本周三，美元曾一度跌至...,美联储,2017-04-20 13:20,牛市行情就此终结？这一关键趋势线或决定美元命运
周三，世界黄金协会印度地区总经理Somasundaram PR接受路透专访时表示，卢比升值令黄金在印度更具吸引力。,,2017-04-20 13:04,卢比升值令黄金在印度更具吸引力！
据路透报道，据一项在英国首相特雷莎梅要求提前举行选举后进行的调查显示，英国在无法与欧盟达成贸易协定，因而不得不依照...,,2017-04-20 12:19,英国可能以WTO贸易条款退出欧盟
据路透报道，周四（4月20日）亚市早盘，人民币兑美元即期延续横向震荡，中间价小幅回落。交易员称，今日中间价跌幅明显小于预...,,2017-04-20 12:15,人民币早盘延续横向震荡 实需购汇难撼监管维稳决心
据路透报道，法国总统大选四方力量角逐，支持率接近难料胜负。中间派总统候选人马克龙(Emmanuel Macron)仍为最受青睐的人...,,2017-04-20 12:10,法国大选：马克龙勉强领先 勒庞强化欧元怀疑论调
法国陷入了严重的困境。作为欧洲第三大经济体，法国经历了多年的增长乏力、失业率居高不下、预算赤字高昂，而德国和英国等邻...,,2017-04-20 11:53,一文读懂欧洲德英法三大国中的最弱者--法国
英国首相特雷莎·梅当地时间4月18日宣布将于6月8日提前举行大选以便新政府更好地代表英国与欧盟进行“脱欧”谈判。4月19日...,,2017-04-20 11:36,英镑涨势只是昙花一现？看看投行们怎么说！
周四，知名外汇网站FXStreet分析师Matias Salord撰文对美元/日元走势作出简要分析。,外汇,2017-04-20 11:04,今日美元/日元最新技术面分析
周四澳洲公布数据显示，澳大利亚2016年第四季度 NAB商业景气指数从5修正为6，澳洲企业扩大聘雇，增加投资。亚市早盘澳元兑...,,2017-04-20 11:03,澳洲企业信心令人振奋  但澳元技术看跌压力沉重
外管局今日公布数据显示，中国3月份银行代客结售汇逆差483亿元人民币，较前值692亿元人民币进一步缩小。银行代客结售汇逆...,"美联储,外汇",2017-04-20 10:43,外汇局：美联储加息对中国跨境资金流动影响在减弱
据路透报道，美联储副主席费希尔周三表示，全球展望变得更乐观，已缓和了市场对美国过去三个月两度升息的所有负面反应，而...,美联储,2017-04-20 10:36,费希尔：其他经济体“有办法控制”美国升息带来的影响
周四早盘据中国央数据，今日人民币兑美元中间价报6.8792，较上日中间价6.8664贬 值128个基点。上日官方收盘报6.8873，夜盘...,,2017-04-20 10:32,美元短期仍将维持弱势 人民币今日贬值128个基点
据路透报道，三位欧洲央行利率决策官员周三表示，欧元区经济前景已有所改善，但撤出刺激举措的时候未到。数日后法国将举行...,,2017-04-20 10:27,法国大选倒计时 欧银决策者矢言保持刺激举措
周四亚市早盘，美元兑日元小幅走高至109上方，交投于109.040附近，分析认为，美元兑日元在108水平下方存在买盘，上方109.30...,,2017-04-20 10:12,美元/日元在108一带构筑底部？反弹需攻破这一关键位
周四亚市早盘，英镑兑美元在1.27770一带窄幅震荡，巴克莱资本(Barclays Capital)今日对英镑分析指出，目前英镑仍然被低估...,,2017-04-20 10:02,巴克莱:英镑被低估11% 维持强劲看涨基调
4月23日，法国大选首轮投票将正式拉开帷幕，但目前的选情却依旧扑朔迷离，四位总统候选人的民意支持率难分伯仲。总体来说，...,,2017-04-20 09:51,法国大选若放飞黑天鹅 欧元或将重挫15%
周四早间，日本公布数据显示，日本3月出口增幅创2015年1月来最快，贸易帐调整后从2月的顺差变成了3月的逆差，中国帮了大忙...,,2017-04-20 09:38,日本3月出口创逾两年来最快 贸易帐顺差变逆差
近几个月以来，美国公布的系列数据表现欠佳，或许表明美国经济并没有预期的那么强劲。 国际货币基金组织(IMF)周三上调了大...,,2017-04-20 09:35,贝莱德CEO：美国经济在放缓 但股市仍能渡过难关
据路透报道，周四（4月20日）亚洲时段美元获得喘息之机，守在本周稍早触及的低点之上，投资者紧张地等待本周末法国大选的首...,,2017-04-20 09:14,美元小涨摆脱近期低点 市场聚焦法国大选首轮投票
据路透报道，英国首相特雷莎梅周三获得国会同意，将提前进行选举。她称提前选举能让她在脱欧谈判中拥有更大权力，并帮助弥...,,2017-04-20 08:46,英国国会同意特雷莎梅将大选提前至6月8日
法国大选越来越近了，这让欧元/美元交易员无比紧张。法国大选可能会对欧元和欧盟产生持久性影响。,,2017-04-20 06:47,若勒庞获胜 欧元将上演6月24日“英镑崩盘式”暴跌
英国6月提前选举的消息让英镑/美元大幅飙升，一度触及1.2905高位。现在，这一货币对已经进入整理模式。接下来呢？它会涨到哪...,,2017-04-20 02:22,英镑飙升只是一次逼空 还是会持续涨至1.35？
在周二英国首相Theresa May令市场意外的宣布提前进行大选后，英镑已经大幅反弹。英镑兑美元汇率在周二的交易中飙升至6月...,,2017-04-19 23:12,英镑表面风光 分析师3大理由告诉你英镑反弹不会持续
美国财长努钦在接受金融时报的采访时表示，特朗普绝对没有试图口头打压美元。,,2017-04-19 21:28,美国财长努钦：特朗普绝对没想要口头打压美元
国际货币基金组织（IMF）周三(4月19日)指出，美国总统特朗普计划实施的减税和放松金融监管举措可能会引发新一轮的金融冒险...,,2017-04-19 20:56,IMF：美国金融监管需微调 有些行为很危险
周三(4月19日)，FXStreet金融市场分析师Haresh Menghani撰文就日内英镑走势作出技术前瞻分析。,,2017-04-19 20:19,FXStreet：英镑已结突破多个重要技术性阻力
据路透社报道，英国商业协会(BCC)周二(4月18日)发布报告称，在过去的一年中，有近1/5的英国公司曾遭受过网络攻击。,,2017-04-19 20:13,BCC：去年英国各大公司深受黑客入侵之苦
德国商业银行（Commerzbank）周三(4月19日) 发布汇市分析报告对英镑后期走势进行了分析展望。,,2017-04-19 20:02,德国商业银行：镑/美有上测1.3012的可能
据CNBC报道，法国总统大选对欧元区团结将是一大考验，而周日的首轮投票，将视何位候选人进入最后阶段，可能为市场带来剧烈...,,2017-04-19 19:58,法国大选揭幕之时！市场纷纷拥抱避险资产
华尔街分析师周三(4月19日)发出警告称，各项压力指标均显示，当前的金融市场恐慌情绪正在急剧上升。,,2017-04-19 19:36,九张图说明全球金融市场恐慌情绪正急剧上升
荷兰合作银行（RABO BANK NEDERL-ANDS）周三(4月19日)发表汇市分析报告称，料美元年内将持续走弱。,,2017-04-19 19:17,荷兰合作银行：料美元后市将持续走弱
外汇期权的合约布局会影响外汇市场价格行为，因而受到市场关注。以下为北京时间周三(4月19日)22:00到期的外汇期权合约及...,"外汇市场,外汇",2017-04-19 18:42,截止4月19日22:00到期的外汇期权合约及规模一览
法国大选首轮投票将在本周日（4月23日）举行。目前根据最新民调显示，行情十分胶着，没有明显迹象显示谁胜选可能性更大。,,2017-04-19 18:31,法国大选引爆市场避险情绪 但终究会回暖
此前投资者普遍预计，主流的亲欧元的法国大选候选人最终将会赢得最后一轮选举。然而，在最近的民意测验中，四名主要候选人...,,2017-04-19 18:19,法国大选扑所迷离 市场青睐避险资产
?韩国总统大选居于领先地位候选人的顾问表示，预期与美国重新协商自由贸易协定将不会损及两国之间的贸易关系，重新磋商后...,,2017-04-19 18:18,重新协商美韩自贸协定不会妨碍两国间贸易
随着通胀预期大幅下滑，市场开始撤回对美联储将在6月提高利率的预期。,美联储,2017-04-19 18:08,通胀预期大幅下滑！美联储六月加息恐成疑
《华尔街日报》周三(4月19日)撰文指出，当前中国管理层开始整顿对外投资，阻止企业向境外汇出资金，试图保住其快速缩水的外...,外汇,2017-04-19 18:04,外媒：中国资本管制反倒抑制了投资流入
北京时间周二(4月18日)欧盘，英镑上演深V反弹，在跌至1.2520之后迅速反弹至1.2900上方，刷新去年12月6日来新高。因英国首相...,,2017-04-19 17:58,提前大选就能说明英镑要大涨？
今日欧盘，英镑兑美元在高位盘整，目前交投于1.2830附近。汇价在经历震荡修复后，仍将继续上攻，预计短期有望超过1.30的整数...,,2017-04-19 17:57,中线伏击：英镑兑美元或将冲击1.3230
全球三大评级机构之一的惠誉(Fitch)周三(4月19日)发布分析报告称，预计在今年接下来的时间内，亚太地区的经济仍将保持相...,,2017-04-19 17:47,惠誉：亚太地经济总体向好，但仍存风险因素
北京时间周三(4月19日)，欧盟统计局公布了欧元区3月CPI数据。公 布数据显示，欧元区3月CPI月率为0.8%，符合预期，好于前值的...,,2017-04-19 17:40,欧元区3月CPI数据为欧银减少财政刺激提供了支持
据BBC报道，英国首相特雷沙-梅（Theresa May）周三(4月19日)表示，或将在两年内结束脱欧谈判。,,2017-04-19 17:29,英国首相：两年内争取完成“脱欧”谈判
据彭博社称，随着通胀预期大幅下滑，交易员开始撤回对美联储将在6月份提高利率的预期。,美联储,2017-04-19 17:18,美联储6月加息概率大跌 已不足五成
《华尔街日报》周三(4月19日) 撰文指出，无可忽视！美联储、欧洲央行和日本央行的资产负债表总计达13万亿美元左右，这是一个...,美联储,2017-04-19 17:11,警报！全球三大央行债务大幅超预期
周三公布的欧元区3月未季调CPI年率终值录得1.50%，虽然在2月短暂达到2%的欧央行目标后再次回落，但是欧元区的通胀已经开...,,2017-04-19 17:06,欧元区3月CPI小幅回落！经济前景稳定乐观
周三(4月19日)欧市早盘，欧元/美元位于1.0715附近水平徘徊。上一交易日汇价一路涨至1.0736，之后自该点回撤走低，目前走势...,,2017-04-19 17:03,交易员：欧/美突破1.0737 多头直奔1.0906
北京时间周二(4月18日)下午，英国首相特雷莎·梅（Theresa May）宣布了“惊天大消息”，称计划将在6月8日举行提前大选，虽然政...,,2017-04-19 16:56,英国为什么要提前进行大选？
IMF在最新的全球经济展望报告中表示，预期表现持续疲软的发达经济体将受惠于全球制造业和贸易从去年夏季开始加快的周期...,,2017-04-19 16:56,全球经济增速加快！唯有中国小幅放缓
渣打银行近日在报告中称，全面上调人民币汇率今年各季度预测，并指出今年内人民币不会破7，明年预期在7.02。,,2017-04-19 16:50,人民币不会破7?渣打全面上调人民币汇率预测
"三菱东京日联(BTMU)周三(4月19日)发布汇市分析报告称，年内澳洲联储料维稳,短期澳元或持续调整。",,2017-04-19 16:46,"BTMU：澳洲联储料维稳,短期澳元或持续调整"
周三(4月19日)欧市盘中，欧元/美元走高，最高升至1.0736，为3月30日以来的最高水平，这波欧/美的上涨主要受镑/美暴涨带动欧...,,2017-04-19 16:36,欧元能否持续强劲反弹？你需要关注这些方面
三菱东京日联认为，由于昨日澳联储公布的4月货币政策会议纪要立场偏鸽派，近期澳元将持续于当前水平附近调整。,,2017-04-19 16:36,BTMU：澳联储或将继续维稳 澳元短期持续承压
著名的华尔街投行高盛表示，很多基本面因素已经发生了变化，使得做多美元已经不再是顶级交易推荐的对象。,,2017-04-19 16:15,高盛：美国通货再膨胀放缓 不再看多美元
上周三美国总统特朗普对强势美元进行抱怨后美元开始走低，但分析师预计美元将会很快反弹。,,2017-04-19 16:12,尽管遭遇特朗普阻击 但美元将很快反弹
周三(4月19日)据报道，美国近期公布的经济数据不佳，尤其是通胀通胀相关的指标下滑，美联储的加息概率骤降。据悉，导致这种...,美联储,2017-04-19 16:10,特朗普施政不利 美联储夏季加息已成小概率
周二，高盛集团正式宣布放弃看涨美元的观点，加入瑞士信贷和瑞穗金融集团等一众近期愈加看跌美元的投行行列。分析人士称，...,,2017-04-19 16:02,美元真要变天了？高盛的这一做法说明一切
据CNBC报道，美国总统特朗普周二(4月18日)签署一项行政命令，以兑现其就职演说中“买美国货，雇美国人”的承诺。,,2017-04-19 15:55,特朗普签署行政命令兑现“买美国货，雇美国人”承诺
今年韩国央行将可能加息一次，幅度尚未明确，而支撑韩国央行能够出手加息的理由，可能还是韩国经济正在快速复苏。,,2017-04-19 15:11,韩国央行或考虑在年内上调基准利率
周三(4月19日)欧市早盘，英镑/美元位于1.2825附近水平徘徊。上一交易日汇价涨至1.2904后小幅回撤，目前继续维持缓慢下行行...,,2017-04-19 15:07,交易员：英镑暴涨后进入修正 技术面仍然看多
北京时间周二(4月18日)，英国首相特雷莎·梅（Theresa May）突然宣布6月提前大选，随后英镑攀升至去年12月以来最高水平。,,2017-04-19 14:53,野村证券：提前大选将使镑/美到达1.32位置
丹麦丹斯克银行(Danske Bank)周三(4月19日) 发布汇市分析报告称，预计三个月内欧元兑美元料将陷于1.04-1.10区间交投。,,2017-04-19 14:43,丹斯克银行：料欧/美将陷于1.04-1.10区间交投
道明证券(TD Securities)周二(4月18日)发布分析报告称，英国首相特雷莎·梅（Theresa May）宣布英国提前进行大选，我们认为...,,2017-04-19 14:28,道明证券：英国提前大选让英镑未来更具关注度
本周市场紧盯法国大选，风险主要来自本周日的一轮选举，不过，极左翼候选人梅朗雄(Jean-Luc Melenchon)在民调中“异军突起...,,2017-04-19 14:26,法国大选上演极左VS极右巅峰对决  欧元生死一念间
周三市场聚焦在英国提前大选和法国大选，亚市盘中，澳元兑美元跌幅扩大，短线失守100日均线，刷新一周低点至0.7516，跌幅约...,,2017-04-19 13:58,大华银行：欧元、英镑、澳元、日元技术分析
上周末，富国银行驻纽约外汇策略业务主管Nicholas Bennenbroek撰文指出，亚洲新兴货币好日子就要到头了！,外汇,2017-04-19 13:40,亚洲新兴货币好日子就要到头了！
美国财政部周五表示不再将中国列为“汇率操纵国”，由此一场贸易战爆发的可能性大大减小，纽约房产业也因此获益颇丰。,,2017-04-19 11:50,特朗普弃“中国操纵汇率”说 纽约一行业获益颇丰
隔夜英国首相特雷莎·梅要求在6月提前举行议会选举，令市场大感意外，盘中英镑/美元飙升2.7%，触及1.2904的10月初来最高。 ...,,2017-04-19 11:07,已被严重低估？ 2017年英镑或将开启8年周期大轮回
英国首相特雷莎·梅18日宣布将于今年6月8日提前举行大选，英镑在这一消息公布后急速飙涨。然而，旧金山联储银行一份最新的...,,2017-04-19 11:00,特蕾莎梅提前选举？其实无论如何 英镑疲弱仍为大趋势
法国总统大选第一轮选举将于周日（4月23日）举行， 据Kantar Sofres民调，法国总统候选人马克龙首轮投票支持率为24%，勒庞2...,,2017-04-19 10:25,法国大选第一轮可能令欧元/美元刷出新低后见底？
隔夜英国首相特里莎·梅要求提前大选，英镑爆拉触及逾六个月高位；美国制造业产值创8月份以来最大降幅、美债收益率下降打压...,,2017-04-19 10:08,美债收益率重挫打压美元 英镑/美元暴涨或刚刚开始！
周三亚市早盘，澳元兑美元小幅下探，刷新四日低点至0.7528，跌幅约0.44%，下方100日均线支撑位于0.7523。此前稍早，澳大利亚...,,2017-04-19 09:57,法国农贷：澳元继续承压  保持看空澳元叉盘
受英国提前大选影响，隔夜英镑英镑暴涨近400点， 同时带动欧元兑美元飙涨0.85%最高触及1.0735，周三亚市早盘，欧元对美元交...,,2017-04-19 09:46,丹斯克：欧元短期趋于下行 关注两大风险因素
受英国提前大选消息刺激，隔夜凌晨英镑兑美元涨破1.2775，涨幅扩大至218点或1.7%，刷新2016年10月4日以来高位至1.2784，较...,,2017-04-19 09:32,英国提前大选神助攻  英镑完美技术突破目标价1.3445
当地时间周二下午，美国总统特朗普签署鼓励联邦政府机构“买美国货、雇美国人”的行政令，要求审查H-1B签证方案，抨击这类签...,,2017-04-19 06:37,夜盘综述:川普签行政令审查H-1B签证 梅姨宣布提前大选
日本央行将在下周的政策会议上提供季度展望报告。据知情人士透露，日本央行正在考虑下调通胀预期。,,2017-04-19 06:26,知情人士：日本央行下周将下调通胀预期
法国总统大选第一轮选举将于周日（4月23日）举行，这场政治博弈关系重大。过去一周的民调显示，第二轮大选的大门对四个候选...,,2017-04-19 04:11,欧元在法国一轮大选的4种排列组合会怎么走？
当地时间周二，与英国首相意外宣布提前大选带来的冲击相反的是，英镑大幅飙升，投资者期望英国6月的大选能够稳定住国内政...,,2017-04-19 02:35,英国首相赌一把提前大选 英镑的长期走势迎来转变
当地时间周二，英国首相Theresa May“不情愿地”宣布提前大选，她指责议会在英国退欧上立场分裂，之前支持她的势力突然逆转...,,2017-04-19 00:13,英国提前大选意味着什么 特丽莎梅的一次集权行动？
英国首相特蕾莎·梅再一次惊掉了全世界的下巴。她意外宣布，因议会内部存在分歧，希望英国将于6月8日提前举行大选。经过工党...,,2017-04-19 00:00,英国6月提前大选为什么让英镑大幅飙升
星展银行在2017年第二季投资展望指出，由于市场对美国总统特朗普领导世界最大经济体的能力感到担忧，第二季度全球股市可...,美联储,2017-04-18 21:48,星展银行：美联储或将加息至少三次
据彭博社报道，美国财政部在上周发布的半年度汇率报告列出了潜在的汇率操纵国。其中，在“监视名单”上的六个国家中，瑞士赫...,,2017-04-18 21:25,瑞士官方：冤枉啊！真没有操纵汇率
据韩联社16日报道，美副总统彭斯（Mike Pence）于当地时间16日下午3时许抵达韩国首都首尔以南的乌山空军基地，开始三天的韩...,,2017-04-18 21:15,美国副总统：将检讨和调整美韩自贸协定
周二（4月18日)，由于受到英国大选提前至今年6月8日的消息刺激，汇市英镑/美元狂飙，带动欧系货币反弹，进而打压美元，美元指...,,2017-04-18 21:12,英镑/美元狂飙200点不止 这个市场“疯”了？
瑞士持续被列为美国认定的汇率操纵国观察名单中，对此，瑞士国家金融事务国务秘书Jorg Gasser周二接受CNBC采访时表示，瑞...,,2017-04-18 21:05,瑞士并没有操纵汇率！只是瑞郎被高估
北京时间周二(4月18日)，美国官方公布了美国3月新屋开工总数年化数据。公布数据显示，美国3月新屋开工总数年化数为121.5万...,,2017-04-18 20:58,暴风雪影响致3月份美国新屋开工数创三年新低
据央视新闻报道，国务院总理李克强周二(4月18日)在贯彻新发展理念培育发展新动能座谈会上表示，当前迹象显示市场对人民币...,,2017-04-18 20:36,李克强：市场对人民币的信心显著增强
北京时间4月18日下午，英国首相特雷莎·梅（Theresa May）宣布了“惊天大消息”，称计划将在6月8日举行提前大选，虽然政府有与...,,2017-04-18 20:23,英国突然决定提前大选 众多机构纷纷置评
今日欧盘，澳元兑纽元持续下跌，目前交投于1.0725附近，预计汇价将在1.0700企稳后，展开新一轮的上涨，最终的目标仍旧看向1...,,2017-04-18 20:04,短线速递：澳元兑纽元或将启动上涨
据新华社消息，国务院总理李克强周二(4月18日)表示，一季度中国外贸大幅度增长，很重要的一个原因是市场对人民币的信心明...,,2017-04-18 20:03,李克强：经济数据良好 人民币汇率持续企稳
美国财长史蒂文·努钦(Steven Mnuchin)周一(4月17日) 表示，此前的“税改”时间表或将推迟，而且，他还强调，美国并未干预汇市...,,2017-04-18 19:24,税改其实没那么简单 减税造成的财政窟窿谁来堵呢？
据彭博社消息，澳大利亚总理马尔科姆·特恩布尔(Malcolm Turnbull)周二(4月18日)表示，澳大利亚政府将取消一个面向短期外...,,2017-04-18 19:13,彭博社：澳大利亚将取消“457”签证计划
周二，英国首相特雷莎·梅突然发表声明称，计划将在6月8日举行提前大选，虽然政府有与欧盟协商的正确方案，但其他党派反对英...,,2017-04-18 18:42,惊呆！英国首相宣布提前举行英国大选
北京时间周二(4月18日) 18:00，英国首相特雷莎·梅（Theresa May）就提前选举发表讲话。在其讲话前，英镑大幅波动，最低跌幅近...,,2017-04-18 18:31,英国将提前选举 英镑兑美元大幅波动
据日本共同社援引一位不愿具名的日本官员的话称，由于美国商务部长威尔伯·罗斯（Wilbur L. Ross）过于强硬，日本方面并不希...,,2017-04-18 17:59,美商务部长的强硬让日本人感到害怕
据俄罗斯卫星网报道，日本外务省和防卫省负责人周二(4月18日)在国会众议院安全委员会上分别表示，防卫省在必要和朝鲜半岛...,,2017-04-18 17:49,日本防务省：必要时将参与从韩国撤侨的行动
据路透社报道，英国金融行为监管局（FSA）或将 改弦更张，优先支持居民储蓄养老。,,2017-04-18 17:41,FSA将优先支持与脱欧相关的事项
据彭博社报道，美国财政部本周一(4月17日)发布的月度国际资本流动报告(TIC)显示，中国在今年2月份增持美国国债，规模创四...,,2017-04-18 16:51,TIC报告显示中国2月增持美债创四个月新高
据Zerohedge报道，下周日市场即将迎来众所瞩目的法国大选第一轮投票，最新民调显示，法国总统大选候选人菲永、勒庞、马克宏...,,2017-04-18 16:41,法国大选倒计时！欧元隐含波动率至英国退欧后新高
过去3个月以来，印度卢比表现出色，但是到了第二季度，进入印度货币季节性走弱的时刻，卢比可能难见强势表现。,,2017-04-18 16:25,印度卢比第一季度领跑亚洲货币
距离4月23日法国大选第一轮投票仅剩不到一周的时间，但 从近期的民调结果来看，市场仍无法窥得法国选民的意向，4位领先的...,,2017-04-18 16:20,法国大选“黑天鹅”呼之欲出？市场提前启动避险模式
劳埃德银行表示，美联储6月人家将继续加息，并预计美国今年和明年的经济增速将分别提升至2.3%和2.5%。,美联储,2017-04-18 16:14,劳埃德银行：预计美联储6月仍将继续加息
美国财长史蒂文?努钦(Steven Mnuchin)周一(4月17日) 表示，在8月之前在国会通过税改方案并提交至总统唐纳德?特朗普(Don...,,2017-04-18 15:29,美元指数脱离了“危险期”？
美国财长史蒂文?努钦(Steven Mnuchin)周一(4月17日) 表示，此前的“税改”时间表或将推迟，而且，他还强调，美国并未干预汇市...,,2017-04-18 15:25,美国财长：“税改”时间表或将继续推迟
随着近期特朗普对美联储主席耶伦以及货币政策态度的转变，很多专家开始花费大量精力揣摩特朗普的“新面孔”。但这基本上是...,美联储,2017-04-18 15:17,特朗普对美联储的态度为何180度大变脸？
据美联社报道，美联储副主席费希尔(Stanley Fischer)周一(4月17日)在纽约的演讲中表示，美联储的缩表讨论不会引发金融风...,美联储,2017-04-18 15:13,美联储费希尔：缩表不会引发金融风暴
据路透报道，周二（4月18日）新兴亚币走软，因投资者出脱新兴市场头寸，在朝鲜 (北韩)紧张局势明显消退之前不愿承担风险。,,2017-04-18 15:06,新兴亚币下滑 因对朝鲜局势的担忧犹存
在最新的人口普查报告中，日本人口数量为近百年里首次减少。根据日本内务省最新发布数据显示，截至2015年10月1日，日本人口...,,2017-04-18 14:59,日本人口“失血”致经济遭遇临严峻危机
澳新银行预计，新西兰一季度通胀将符合预期，但不会转变新西兰联储当前货币政策立场，新西兰通胀仍面临诸多难题。,,2017-04-18 14:54,澳新银行：预计新西兰一季度CPI将符合预期
近期，朝鲜半岛的紧张局势成为了金融市场关注的焦点，但市场人士或许忽略了美联储的加息预期也在发生着惊天变化。据彭博报...,美联储,2017-04-18 14:53,多因素阻挠 美联储年内三次加息难实现？
自上周六（4月15日）朝鲜在其太阳日高调阅兵后，半岛局势就陷入更加危险的地步。美国方面，三艘航母不日将齐聚朝鲜海域，形成...,,2017-04-18 14:43,半岛如果真的走向战争 中国资本市场如何应对？
周二亚市澳元兑美元刷新三日低点至0.7553，跌幅约0.47%，部分原因是铁矿石期货大幅下跌。国内期货铁矿石主力合约跌幅扩大...,,2017-04-18 14:39,铁矿石创五个月新低   澳元空头已重掌主动权？
朝鲜再次试射导弹令地区局势紧张，资金纷纷购买避险资产，另外，上周美国出炉的零售销售和消费物价指数疲软，日元触及五个...,,2017-04-18 14:30,日元先生：美元兑日元或将重回100
据外媒称，日本央行的两大“鹰派”或将被撤换掉，两位新人将加入日本央行委员会，分析认为是为了黑田东彦的宽松政策顺利进行...,,2017-04-18 13:59,日本央行两大“鹰派”被撤？ 但宽松政策仍不会一马平川
富国银行分析师周一表示，美联储在提升通胀方面取得成功，且正在稳步推进货币政策正常化。同时，就业市场明显改善促使政策...,美联储,2017-04-18 13:53,核心通胀稳步上升！美联储稳步退出宽松
据路透报道，新西兰第一季消费者物价指数(CPI)增幅料将终于达到央行的目标区间中点2%，此前已努力逾一年来拉抬温吞的通胀...,,2017-04-18 13:45,新西兰通胀上升 但央行维持利率纪录低位的立场难动摇
据路透报道，随着英退的时钟滴答作响，英国可能很快发现自己处于倒计时状态，临近2008年大衰退以来首次经济衰退。,,2017-04-18 13:41,消费减弱或令英国经济进入衰退倒计时
周二亚市美元兑日元交投于109.20一带，分析认为受全球政治风险影响，美元兑日元可能跌破100，目前市场预期周二的美日经济...,,2017-04-18 13:38,市场聚焦美日经济对话 美元/日元可能跌向100关口
周二，FXStreet首席分析师Valeria Bednarik撰文就美/日，澳/美最新走势进行了分析。,,2017-04-18 13:26,今日美/日、澳/美最新技术面分析
现如今的外汇市场令投资者陷入了“幸福的烦恼”之中。从美元和欧元兑美元的历史走势来看，投资者或许或许已分不清市场是会...,"外汇市场,外汇",2017-04-18 12:31,在命运的交叉口 汇市是重回1999年还是2002年？
据路透报道，周二（4月18日）亚市早盘，人民币兑美元即期随中间价放量小跌，但波动区间明显收窄。交易员称，月中实需购汇较多...,,2017-04-18 12:15,人民币早盘随中间价放量小跌 短期仍延续横盘走势
据路透报道，周二（4月18日）亚市盘中，澳元下滑，因铁矿石价格扩大跌幅，且澳洲央行4月会议记录巩固了利率将在更长时间维持...,,2017-04-18 11:59,澳元亚盘下滑但仍高于三个月低点 纽元接近两周高位
周二（4月18日)亚市盘中，美元指数小幅走高，交投于100.37附近，远离了隔夜触及的两周低点100整数大关。隔夜，美国财长努钦的...,,2017-04-18 11:25,美财长“撑腰”美元多头借力反弹 但只怕还未过危险期！
周二，FXStreet首席分析师Valeria Bednarik撰文就欧元/美元最新走势进行了分析。,,2017-04-18 11:07,今日欧元/美元最新技术面分析
周二亚市欧元对美元震荡走高，现交投于1.06510一带，日内涨幅0.05%，技术上关注1.0600关键位的得失。,,2017-04-18 11:01,欧元维持看涨基调？分析师称只需突破这一区域
法国大选本周末将正式拉开大幕。在4月23日第一轮投票中两个得票最高的候选人，将参加5月7日第二轮投票的最终角逐。全球金...,,2017-04-18 10:45,如何交易法国大选？情景模拟避免市场“猛烈冲击”
周二亚市早盘，英镑兑美元交投于1.25590一带，外汇网站FXStreet分析师Matias Salord对英镑/美元分析称，澳元只要本周站稳...,外汇,2017-04-18 10:20,本周英镑多头能否翻身 只需关注两个关键位
刚刚公布的澳联储纪要显示，澳联储对于澳元走高和就业市场低迷感到纠结，声称评估后会在必要时准备采取更进一步行动。澳元...,,2017-04-18 10:01,澳联储纪要唱“鸽” 澳元/美元高位滑落
周二早间，澳洲联储发布4月份货币政策会议纪要，维持1.5%利率不变，劳动力市场略微弱于预期，房地产市场及家庭债务风险攀升...,,2017-04-18 09:59,澳洲联储4月纪要：房地产市场风险攀升 澳元短线跳水
花旗(Citi)研究团队周二(4月18日)对欧元和英镑的后市表现进行分析称，随着法国大选的临近，投资者可能不愿在此刻建仓。,,2017-04-18 09:49,花旗：法国大选临近 欧元、英镑有进一步下行空间
针对美财政部未将中国列入货币操纵之列，中国央行大连市中心支行日韩经济金融研究小组成员周子炜称，未来汇率问题仍是中...,,2017-04-18 09:39,虽然没贴上汇率操纵标签 预计中国短期难脱“关注名单”
据英国《金融时报》报道，美国财政部长努钦在接受FT采访时表示，在与国会在医改法案上的谈判受挫之后，特朗普政府的税收改革...,,2017-04-18 06:40,夜盘综述:美财长称强美元是好事 朝鲜誓言要不停试射
经济棱镜（Economic Prism）的MN Gordon撰文称，经济废话真是一打一打的。举个例子，美联储耶伦认为我们现在有一个健康的经...,美联储,2017-04-18 06:36,“我们的经济相当健康”是耶伦说的最废的废话
根据英国《金融时报》周一的报道，美国财政部长努钦在接受FT采访时表示，在与国会在医改法案上的谈判受挫之后，特朗普政府的...,,2017-04-18 05:34,美国财长努钦:税改可能推迟 强势美元长期看是好事
美联储6月加息的可能性突然下滑，加息的理由正在消失。据泵博社世界利率概率数据，市场定价的美联储6月加息预期已经从仅仅...,美联储,2017-04-18 03:43,美联储加息的理由正在消失
劳埃德银行（Lloyds Bank）周一(4月17日) 发布汇市分析报告称，纽元兑美元年底看向0.67。,,2017-04-17 21:58,劳埃德银行：纽元兑美元年底看向0.67
知名财经网站Forexlive分析师Littlestone周一(4月17日) 撰文称，法国大选在即欧元波动性创近一年来最高，以下油三种情况...,,2017-04-17 21:40,勒庞当选概率有多大？欧元会受到怎样冲击？
由于法国大选面临民粹主义获胜的风险，欧元的波动率近期飙升。尽管这一概率并不是很大，但投资者仍然表现出了紧张的情绪。...,,2017-04-17 21:34,法国大选日益临近！欧元波动率迅速飙升
土耳其副总理Mehmet Simsek在土耳其宪法公投后表示，土耳其不太可能为了加快向总统制转移的速度而提前举行大选，他的言论...,,2017-04-17 21:17,土耳其大选如期举行！里拉逐渐走强
布朗兄弟哈里曼银行(BBH)分析师周一(4月17日)发表观点称，毫无疑问，本周市场的主要焦点就是法国大选，因为目前很难说谁更...,,2017-04-17 21:11,BBH：法国大选现在是市场的主要焦点
周一(4月17日)，FXStreet金融市场分析师Haresh Menghani称，英镑可能会延续反弹至1.2590。,,2017-04-17 20:47,FXStreet：英镑将延续反弹至1.2590
备受尊敬的前南非财长戈尔丹(Pravin Gordhan)被撤换，再加上南非国内的情况不稳定可能会迫使南非总统祖马提前“下课”，使...,,2017-04-17 20:42,南非信用评级被降为垃圾级
美国总统特朗普认为美元太强，并决定不将中国列为货币操纵国，这两个因素支持了让人民币兑美元维持稳定，并兑其他几乎大部...,,2017-04-17 19:40,CFETS人民币指数今年仍将继续下跌
东京三菱日联银行(BTMU)分析师近日公布外汇策略研究报告称，受美国总统特朗普(Donald Trump)进一步口头干预影响，美元受...,外汇,2017-04-17 19:36,BTMU：特朗普口头干预难以真正扭转美元走势
朝鲜半岛紧张情势升高，推升避险货币日元持续走高，渣打国际商业银行财富管理处负责人傅敏仪表示，在避险需求支撑下，短期...,,2017-04-17 19:29,渣打银行：避险情绪或推升日元至105关口
在反腐大剧《人民的名义》第一集，一个北京某部位的小科长在家中查出近2亿的赃款，令人触目惊心，当然这也是根据真实故事改...,,2017-04-17 18:54,非州版“人民的名义”：现场查获4300万美金贪污款
据美联社报道，美国商务部长威尔伯·罗斯（Wilbur L. Ross）周一(4月17日)在参加IMF和世界银行（World Bank）春季会议前夕表...,,2017-04-17 18:36,美国商务部长怼IMF——你们所说的就是“胡扯”
劳埃德银行（Lloyds Bank）周一(4月17日) 发布汇市分析报告称，料澳元兑美元到2017年底将升至0.81关口。,,2017-04-17 18:12,劳埃德银行：澳/美今年底将升至0.81关口
据美联社报道，美国副总统迈克·彭斯(Mike Pence)周一(4月17日)来访亚洲，他的第一站定在了韩国。,,2017-04-17 18:06,美国副总统：朝鲜不要考验美国的决心，忍耐有限！
据印度时报报道，银都目前90%以上的ATM机接近“瘫痪”，这在距离印度去年底发“废钞运动”已过去近五个月了。,,2017-04-17 18:01,印度九成以上ATM机空空如也
由于法国大选面临民粹主义胜利的风险，欧元的波动率飙升。尽管这一概率并不是很大，但投资者仍然表现出了紧张的迹象。目前...,,2017-04-17 17:52,欧/美小幅飙升 法国大选前还有多大的波动？
美国总统特朗普近期多次强调美元太强，更是明显意图拉低美元汇价、提振美国的出口竞争力，但恐怕没发现到的是，美元汇价的...,,2017-04-17 17:36,历史经验告诉我们！美元走低将带领美股下跌
据路透社援引一名美国政府高级官员士称，特朗普将提名凯雷集团（Carlyle Group）合伙人R?andal Quarles为美联储副主席。,美联储,2017-04-17 17:26,全球最大私募机构合伙人将被提名为美联储副主席
今日欧盘，欧元兑美元冲高至1.0650后回落，目前交投于1.0625附近。建议在1.0630-1.0650做空欧元兑美元，止损1.0680，目标1....,,2017-04-17 17:20,短线速递：欧元兑美元已无限接近底部
中国国家统计局周一(4月17日)公布的数据显示，中国第一季度GDP同比增长6.9%，市场预期为6.8%。中国1-3月城镇固定资产投资...,,2017-04-17 17:10,国家统计局：要让更多资本、资源回归实体经济
劳埃德银行（Lloyds Bank）周一(4月17日) 对欧元走势进行了分析展望。该行认为，欧元中期被低估，“公允价值”位于1.20，年末将...,,2017-04-17 17:06,劳埃德银行：欧元年末将测试1.10，2018年末升至1.13
美国3月的零售销售数据连续第二个月减少，消费者物价指数(CPI)在一年来首次呈现下降，显示出第一季度的经济增长动能下降...,,2017-04-17 16:24,美国经济增长悬了？通胀和零售数据集体疲软
据悉，第一轮法国大选将于4月23日举行，从近期的民调结果来看，目前选情十分的胶着。不仅如此，据法国民调机构Ifop调查显示...,,2017-04-17 16:09,法国大选对如何影响欧元走势？
美国财政部14日发布的国际经济和汇率政策报告指出，包括中国在内的美国主要交易伙伴并未操纵货币汇率。专家认为，这对中美...,,2017-04-17 16:01,中国并非汇率操纵！人民币终将回归基本面
美国总统特朗普曾经在总统大选期间内，屡次抨击中国、日本、德国刻意压低汇价、伤害美国的出口竞争力，但是市场人士对此直言...,,2017-04-17 15:41,贼喊捉贼？特朗普才是最大的汇率操纵者
野村证券表示，日内公布的一系列强于预期的经济数据显示，中国经济增长动能仍具有弹性，因此上调2017年增长目标至6.7%。,,2017-04-17 15:27,野村证券：上调中国2017年GDP增速至6.7%
富国银行(Wells Fargo)研究团队周一(4月17日)表示，全球经济前景已持续改善，但部分不确定性犹存，特别是与全球贸易相关。...,,2017-04-17 15:20,富国银行：不确定性或成全球经济回暖的绊脚石
美国上周五公布经济数据，在通胀意外下降，而零售销售也表现不佳的情况，分析师下调6月的加息机率。,美联储,2017-04-17 15:16,BK：美联储六月不会加息 美元或进一步走弱
据彭博社报道，经合组织（OECD）日本和韩国问题首席经济学家兰德尔·琼斯(Del Jones)周一(4月17日) 表示，日本经济从2012年...,,2017-04-17 15:11,经合组织：当前日本经济喜忧参半
据日本共同社报道，日本央行行长黑田东彦周一(4月17日) 在信托协会年会上发表讲话称，预计日本CPI增幅将向2%的价格目标提...,,2017-04-17 14:49,日本CPI增幅向2%的价格目标提高依旧任重道远
上周，美国对叙利亚进行导弹袭击后，其动作频频，阿富汗等地区的地缘局势再度升级，现货黄金和日元等避险资产受到投资者追...,,2017-04-17 14:38,美元惨遭唾弃！避险资产备受追捧
周一（4月17日）距离法国大选仅剩一周的时间，但选情依旧不是很明朗，据最新消息数据显示，目前近40%仍然未明确他们的选票将...,,2017-04-17 14:28,法国大选之日 欧元“审判”之时
本周日（4月23日）法国大选迎来首轮投票，而目前选情仍不是很明朗，欧元兑美元走势低迷，未能有效脱离近一个月低位 。上周五...,,2017-04-17 14:28,法国大选倒计时 欧元命运究竟会如何？
周一（4月17日）亚市午后，澳元兑美元微幅震荡上扬，交投于0.7587附近。这一年来，澳元兑美元 未能摆脱大区间震荡的走势，且料...,,2017-04-17 14:28,技术分析：澳/美料延续大区间震荡 强阻力在0.7750
据路透报道，亚洲货币周一上涨，因美股和美国公债收益率下滑令美元保持区间震荡的走势，并且令亚洲货币相对更具吸引力。,,2017-04-17 14:18,亚洲货币在美元动能减退后上涨 菲律宾披索削减涨幅
据路透报道，周一（4月17日）亚市早盘，人民币兑美元即期随中间价小跌。交易员称，虽然中间价依旧小幅过滤，彰显淡化贬值预期...,,2017-04-17 13:45,人民币早盘随中间价小跌 短期汇价料仍无明显方向
周一，AceTrader外汇分析团队撰文对欧元/美元日内的交易策略进行简要的分析。,外汇,2017-04-17 13:16,今日欧元/美元最新技术面分析
周一（4月17日）亚市盘中，受上周五疲软经济数据以及地缘政治风险加剧的影响，美元指数延续弱势，交投于100.36附近。值得注意...,,2017-04-17 12:11,避险恐慌充斥金融市场 法国大选倒计时恐再引爆行情
据路透报道，美国财政部的最新汇率报告未将亚洲国家认定为汇率操纵国，但特朗普坚称美国政府将寻求解决贸易失衡问题，因此...,,2017-04-17 11:24,亚洲经济体逃过“汇率操纵国”标签 但需警惕贸易摩擦
上周美国总统特朗普(Donald Trump)再次炮轰强势美元，美元应声而下，美元指数周线重挫近1%，金价则大涨逼近1300大关。不过...,,2017-04-17 11:14,特朗普炮轰强势美元 三大关联资产或渔翁得利！
系列的天气因素导致美国三月份的就业报告不尽如人意。你可能会想：这份报告对美联储未来的决策究竟意味着什么？,美联储,2017-04-17 11:11,面对错综复杂的局势 美联储接下来会有何动作？
距离印度实行“废钞令”已经过去5个月了，印度民众却依然面临着银行和ATM机现金短缺的困境。,,2017-04-17 10:34,废钞5个月 印度ATM机现金枯竭率依然超90%
据路透报道，上周“习特会”后宣布的百日贸易谈判计划，旨在解决数十年来颇为棘手的贸易问题，但一些美国企业领导担心，谈判...,,2017-04-17 10:31,美国商界担心中美百日贸易谈判结果浮于表面
上周美国公布的3月CPI通胀与零售数据双双爆冷，令刚刚有所回暖的美元指数承压下挫。BK Asset Management董事总经理Kathy...,美联储,2017-04-17 09:39,BK：数据疲软美联储6月难加息 美元料持续走低
据路透报道，美国3月零售销售连续第二个月减少，消费者物价逾一年来首次下降，凸显第一季经济成长动能下降的程度。,,2017-04-17 09:07,美零售销售和通胀数据均欠佳 第一季经济增长动能不足
据路透报道，周一（4月17日）亚市盘初，美元兑日圆跌至五个月低位，因朝鲜(北韩)紧张情势升高，令避险货币日圆需求不坠。,,2017-04-17 09:02,美元兑日元跌至五个月低位 因朝鲜紧张情势升高
周一，布朗兄弟哈里曼银行分析师撰文就美元的后市表现进行分析，预计美元在未来几日可能进一步下滑。,,2017-04-17 08:12,BBH：未来几日内美元指数会进一步下跌
近日，兴证宏观撰文指出， 地缘政治事态不断升级，本周市场避险情绪大幅攀升；全球再通胀预期或面临降温风险。,,2017-04-16 16:31,地缘事态升级 再通胀或面临降温
据新华网报道，网络安全专家表示，自称“影子中间人”的黑客团体14日曝光的一批档案文件显示，美国国安局曾入侵环球银行间金...,,2017-04-16 14:59,史上最严重爆料：美国安局或入侵中东金融系统
近日，美国总统特朗普(Donald Trump)再次提起“美元过于强劲”，特朗普似乎很想推动美元走低，但其实他大可不必如此浪费唇舌...,,2017-04-16 12:20,特朗普痛批“美元过强”实为多此一举
近期四大行公布的2016年年报显示，四大行机构总数出现近六年来首次下滑，与此同时，电子渠道对网点业务的替代率达到90%以...,,2017-04-16 11:44,中国四大行机构总数六年来首降 线上替代率已超90%
据新加坡《联合早报》16日报道，英国政府3月底向欧盟递交信函，确定了英国的“脱欧”立场。然而，前方的道路并不明确，民众、企业...,,2017-04-16 10:00,英国脱欧前路漫漫 贬值英镑让民众生活蒙上阴影
从2008年金融危机以来，美国股市不仅脱离了低谷，还花了8年时间走出一个慢牛市。这在习惯了A股上蹿下跳的我国投资者眼中，...,,2017-04-15 15:04,走进美国——美国人是如何理财的？
据路透社报道，瑞士信贷（Credit Suisse）首席执行官Tidjane Thiam和该银行董事会在日前表示将削减他们的奖金40%。,,2017-04-15 14:47,瑞士信贷高层在股东大会前夕削减奖金40%
据中国央行发布数据显示，我国一季度房地产开发贷款和个人住房贷款增速双双回落。央行调查统计司司长阮健弘表示，第一季度...,,2017-04-15 14:39,央行公布数据显示我国一季度房贷和个贷增速双双回落
据彭博社报道，《巴伦周刊》日前发表观点称，尽管美联储FOMC三月会议纪要显示，官员正考虑如何开始缩表，但我们认为债券投资...,美联储,2017-04-15 14:15,巴伦周刊：投资者无需对美联储缩表感到恐慌
据路透消息，距离法国总统大选第一轮投票日还有9天时间，但是有高达1/3的选民可能回选择放弃投票。,,2017-04-15 13:16,法国大选或将出现“没人投票”的戏剧性一幕
富国银行（WELLS FARGO）周六（4月15日）发表观点称，美国官方发布的经济数据并不好，我们预计，2017年美国经济平均增速将达到...,,2017-04-15 10:53,富国银行：美国经济增速料达2.3%，预计6月加息
据美国劳工部发布的数据显示，美国3月季调后CPI月率下降0.3%，这是自2016年2月以来首次下降，3月零售数据连续两个月下滑。...,美联储,2017-04-15 10:44,美国最差核心CPI月率出炉 美联储加息路在何方？
美国商品期货交易委员会(cftc)在当地时间周五发布了截止4月11日的每周的交易员持仓报告，本次报告显示，出于英国开启退欧...,,2017-04-15 06:39,CFTC持仓:投机者再空英镑欧元 黄金净多头创数月新高
在美国轰炸阿富汗以及朝鲜官员强硬的言论之后，从东京到莫斯科的股票周五下跌了，日元上涨了。全球市场交投清淡，因为周五...,,2017-04-15 04:47,地缘政治危机大爆发下 谁赢了 谁输了
中国银行业在3月份的信贷量出人意料地较前一个月下降，源于政府正在试图控制债务爆炸性增长带来的风险，以及抑制房地产市...,,2017-04-14 23:49,中国影子银行3月再抬头 家庭贷款激增凸显楼市火热
美国3月CPI表现太差了，差到可能会让特朗普的“阴谋”得逞，差到让美联储短期内加不了息。,美联储,2017-04-14 23:09,通货再膨胀正式流产:核心CPI坍塌 加息只能呵呵哒了
美东时间上午10点发布的数据显示，美国2月商业库存增加0.3%，但扣除汽车后的零售类库存连续第二个月持平，这意味着存货投...,,2017-04-14 22:46,美国2月商业库存增加但零售库存数据不佳 GDP或受拖累
周五晚间公布的美国3月CPI数据明显不及预期，3月零售销售基本符合预期，由于受到复活节假期影响，市场反应比较温和。,,2017-04-14 20:59,美国3月通胀数据低迷！今年加息次数恐成疑
根据英国商业协会的报告，英国一些经济重地的公司已经在招工方面遭遇困境，英国退欧将令其雪上加霜。,,2017-04-14 20:04,退欧影响显现！英国企业陷入招工窘境
距离法国总统大选首轮投票仅剩九天的时间，目前局势还不明朗，各候选人间的竞争也更加白热化。,,2017-04-14 19:43,法国大选日趋白热化 梅朗雄支持率上升最快
人民币兑美元即期周五(4月14日)小幅收跌，延续窄幅区间波动。交易员称，今日中间价出现明显的过滤，维持汇率基本稳定意图明...,,2017-04-14 19:39,日内人民币小幅收跌 关注晚间美国3月CPI数据
美元已经被美国总统特朗普的口头干预进一步削弱，下一步会做什么呢？三菱东京日联银行（BTMU）周五(4月14日)发表观点称，我...,,2017-04-14 19:33,BTMU：没有什么能够阻挡美元上升
"法国总统候选人勒庞(Marine Le Pen)的经济顾问本周三表示，假如法国退出欧盟，新的法郎可能至多贬值10%, 而银行将被要求...",,2017-04-14 18:57,勒庞顾问称若法国退欧 新法郎将对欧元下跌
本周，特朗普接受了《华尔街日报》的采访，没有排除耶伦明年获得另外四年任期的可能，这令市场感到惊讶。不过实际上，这也不足...,,2017-04-14 18:02,特朗普和耶伦化敌为友？耶伦连任有望
法国外贸银行(Natixis)的研究分析师Nordine Naam周四(4月13日)撰文表示，由于美韩和美俄之间的地缘政治风险引发的避险情...,,2017-04-14 18:01,法国外贸银行：地缘风险将导致日元持续上涨
由于复活节假期影响，欧元兑美元窄幅震荡，目前交投于1.0620附近。?预计前低1.0360将再次受到考验，但最终汇价将开启大级别...,,2017-04-14 17:51,长线展望：欧元兑美元或将再次考验前低
周五(4月14日)欧市盘中，美元/日元小幅下跌，交投于108.89附近，日内最低跌至108.70 。今日西方多国因耶稣遇难日休市，不过...,,2017-04-14 17:27,美国银行：警惕地缘政局风险 日元多头或要行动了
自朴槿惠下台后，韩国总统人选就备受关注，目前距离5月9日的韩国大选已经不到25天了，各政党总统候选人都积极展开了政治活...,,2017-04-14 17:26,韩国大选时间表正式公布 拉票大战下周上演
国外外汇网站FXStreet分析师Dhwani Mehta周五表示，由于避险情绪的强化，投资者纷纷涌向日元等避险资产。,外汇,2017-04-14 16:38,FXStreet：避险情绪升温 美日持续承压
按照惯例，日本企业每到春天就会进行春季劳资谈判，当然今年劳资之间也是一场激烈的加薪谈判。,,2017-04-14 16:32,中国经济低迷 为什么白领工资却蹭蹭直上？
据路透社援引知情人士消息，总部设于纽约的多资产经纪商EM4X其周四(4月13日)宣布将在伦敦成立一个新的外汇数据中心，以便...,外汇,2017-04-14 16:31,多资产经纪商EM4X将布局伦敦业务
本周特朗普对人民币汇率态度 发生惊人逆转，他12日表示，美国不会在财政部半年度报告中将中国贴上“汇率操纵国”标签，他明...,,2017-04-14 16:17,特朗普对人民币汇率态度大逆转或引发国内反弹
据路透报道，消息人士称，日本央行（BOJ）下次召开货币政策会议时，对经济的看法可能较上月更为乐观，因为强劲的出口和工厂产...,,2017-04-14 16:04,日本央行4月决议料维稳不变并上调经济预估
星展银行认为，政治局势动荡料属短暂，待市场回归基本面后，日元走弱机会偏高，美元可望反弹，而特朗普谈话对美国升息步调的...,,2017-04-14 15:44,星展银行：美元短期盘整 日元仍将走弱
据《金融时报》报道，英国皇家测量师学会（RICS）日前公布的调查结果显示，英国伦敦核心区楼市现2009年以来最差行情。,,2017-04-14 15:43,英国伦敦房价现8年来最差行情 脱欧罪责难题！
根据乐施会（Oxfam）日前公布的一份调查报告显示，2015年美国50家规模最大的公司为了避税，把高达1.6万亿美元的盈利存放在...,,2017-04-14 15:33,美国50家规模最大感受涉嫌逃税避税
英吉利海峡另一端的政治动荡可能会使英镑摆脱英国脱欧带来的疲软。,,2017-04-14 15:19,法国勒庞会否成为英镑的救星？
据韩联社报道，韩国3月对华出口不减反增，连续5个月保持增势，尽管此前韩国对华出口受到“萨德”影响。,,2017-04-14 15:17,“萨德”并未阻止中韩贸易 韩国3月对华出口不减反增
周四，德国央行董事会成员多姆布雷特(接受CNBC采访时表示，金融机构应该开始着手准备应对利率不断攀升的市场环境。,,2017-04-14 15:16,德国央行：警惕利率和硬退欧的风险
美国总统特朗普在其竞选过程中对美联储现任主席耶伦已表达出强烈的不满。但是，特朗普现在却表示，正在考虑提名耶伦在明年...,美联储,2017-04-14 14:55,特朗普主动示好耶伦！下一届美联储主席还是她？
美国金融市场本周五(4月14日)将因为耶稣受难日休市一天，股市、债市和商品期货市场将停止交易。但由于当天并非美国联邦法...,,2017-04-14 14:55,复活节前夕 谨慎看待美国晚间数据
受朝鲜半岛局势紧张影响，周五下午美元兑日元小幅走弱，失守109关口，刷新日内低点至10.90，跌幅约0.18%，下方短线支撑位于...,,2017-04-14 14:52,朝鲜半岛风起云涌  日元可能升值的三种情况
周五亚盘，受到复活节的休市影响，英镑兑美元窄幅震荡，目前交投于1.2510附近。,,2017-04-14 14:30,法兴：英镑短期震荡 欧元仍待法国大选决定去向
据路透报道，周五（4月14日）亚市早盘，人民币兑美元即期随中间价微跌，因上日美元指数从跌势中反弹。交易员称，今日中间价出...,,2017-04-14 14:17,人民币早盘微跌 短期料延续区间波动
美国巨型银行如今都面临着发展空间不足的困境。,,2017-04-14 13:44,美国银行业面临的共同困境
据路透报道，若说特朗普当选美国总统及英国投票决定脱欧搅动了全球经济水域，那么有可能有一场海啸即将来临。,,2017-04-14 13:41,法国大选波谲云诡 全球市场准备迎接一场大海啸吧！
周五，ForexCycle网站外汇分析师Franco Shao撰文对欧元/美元走势作出简要分析。,外汇,2017-04-14 13:10,欧元只需守住这一支撑 则修正反弹持续
据路透报道，周五（4月14日）美元在亚洲时段整理跌幅，本周料周线下跌，因朝鲜(北韩)持续的紧张局势支撑了被认为是避险货币...,,2017-04-14 12:24,美元本周料周线下跌 受朝鲜局势及特朗普讲话打压
周五，知名外汇网站FXStreet分析师Matias Salord撰文对美元/日元走势作出简要分析。,外汇,2017-04-14 12:15,今日美元/日元最新技术面分析
据路透报道，数百万像退休人士Jeannine Delaplane和护工Cecile Lungeri这样的人，是法国总统候选人及民调业者的梦靥。,,2017-04-14 12:13,法国多数选民恐会弃权 总统选举结果难测
据周四公布的一项路透调查显示，拉丁美洲经济体今年料将恢复增长，受该地区多个国家的央行降息提振，但多国将举行的大选给...,,2017-04-14 11:32,拉丁美洲经济体今年将恢复增长 受央行降息提振
据路透报道，神秘的新兴市场硬通货债券以比传统新兴市场美 元债券更为丰厚的收益率获得基金经理的青睐，秘鲁和印尼的欧元...,,2017-04-14 11:28,新兴市场欧元和英镑计价债券回报不菲 备受基金青睐
美国总统特朗普总能掀起金融市场波澜，本周三，他在接受华尔街日报采访时一改此前支持美元升值的态度直言美元正在变得过...,,2017-04-14 11:15,贼喊捉贼？其实涉嫌操纵汇率是特朗普！
全球地缘政治危机再度升级！隔夜美军向阿富汗极端组织“伊斯兰国”目标投放了被称为“炸弹之母”的大型空爆炸弹。这是美军首...,,2017-04-14 11:13,美国动用“炸弹之母”引爆恐慌情绪 市场已是疮痍满目！
近日，美国总统特朗普再次提起美元过于强势，特朗普对弱势美元的支持可能会摧毁一项重要的税制改革提案。这一提案一直以来...,,2017-04-14 11:12,为何特朗普“美元过强”言论威胁美股上扬
周五早间，据中国央行数据，人民币兑美元中间价报6.8740，较上日中间价6.8651贬值89个基点。上日人民币中间价一度升值289个...,,2017-04-14 10:45,人民币今日贬值89个基点  市场空头氛围逐渐消退？
北京时间周五(4月14日)20:30将公布美国3月未季调CPI，通胀数据与地缘政治风险左右美元走势。,,2017-04-14 10:20,晚间关注美国通胀和零售数据 美元能否打翻身仗
卢布走强正在打击俄罗斯石油生产商和政府欲借全球减产协议来增加收入的希望。该协议旨在提振油价并削减库存。,,2017-04-14 10:18,卢布走强抑制石油减产协议对俄收入的提振作用
本周三美国总统特朗普再度批判美元“过强”，美元指数创逾三周来最大单日跌幅，不过法国农业信贷认为 ，这极有可能为较清淡...,,2017-04-14 10:04,法农：特朗普言论被利用夸大  美元已经超卖
法国兴业银行(SocGen)周五(4月14日)分析报告认为，英镑/美元延续区间震荡，欧元/美元或升至1.10水平。,,2017-04-14 09:53,法兴：欧元/美元或快速升至1.10水平英镑无趋势
美国总统特朗普和美联储总裁耶伦乍一看可能格格不入。耶伦是学院派经济学家，民主党政府的资深人士，支持开放的全球经济。...,美联储,2017-04-14 09:43,特朗普和耶伦有共同利益 耶伦或再干四年！
美银美林周五重申日元涨势可能过度称，尽管近期美元/日元在110水平附近出现技术抛盘，但美元/日元的中期上行趋势并未结束...,,2017-04-14 09:43,美银美林：美元/日元的上行趋势并未结束
特朗普的评论给中国一个推动人民币对同行走软的大好机会。并且，如果美元继续下跌，人民币对其他一篮子货币的汇率跌幅将加...,,2017-04-14 05:30,彭博社：特朗普竟意外成了中国货币当局的盟友
据CNN报道，美国在阿富汗投下了最大的非核炸弹，五角大楼发言人Adam Stump称，这是GBU-43炸弹第一次被用于阿富汗战场，GBU...,,2017-04-14 02:52,美国在阿富汗投下最大非核炸弹 道指跌100点黄金上涨
美国截至4月8日当周初请失业金人数意外下降至23.4万，这表明尽管3月非农新增就业人数急剧下降，但美国劳动力市场依然强劲...,,2017-04-13 21:30,惨淡非农并未影响就业！3月初请人数继续下降
美国?3月生产者物价指数(PPI)下降0.1%，为自8月以来首度下降。,,2017-04-13 21:17,美国3月PPI为-0.1%！七个月来首次下降
据《金融时报》报道，经济学人智库(EIU)日前将欧盟各国涉及到的四个核心谈判问题量化为相关指数，试图揭开脱欧的第一层面纱...,,2017-04-13 21:13,深层次解读欧盟各国对于英国脱欧的反应
北京时间周四(4月13日)20:30，美国劳工部公布了美国截至4月8日当周 初请失业金人数数据。公布数据显示，美国至4月8日当周...,,2017-04-13 20:58,美国当周初请数据与前值相当 美指黄金表现淡定
欧元区最大的存在威胁，可能不再是希腊和葡萄牙等周边小国的拖累，而是欧元区第三大经济体意大利。,,2017-04-13 19:57,意大利过去十八年人均GDP萎缩0.4%
历史数据显示，美国失业率一旦降到超低谷底，往往准确预告经济即将衰退，以及股市将跌入修正，甚至熊市。,,2017-04-13 19:33,真的假的？美国失业率十年新低预示经济将衰退？
